0.3366114566616345;9.577877576090174;1;red
0.636836632811747;20.308103851551177;1;red
0.5710924187253306;81.21320982787282;1;red
1.482203776421192;28.41249170749317;1;red
1.4193040243411557;31.352822395062244;1;red
1.3148336757464096;38.278112723721506;1;red
1.2902994774821805;88.03438895401798;1;red
1.6587591045815038;89.4131284889812;1;red
2.5329376981714917;13.399585051863905;1;red
2.278591463711806;18.44152375083607;1;red
2.282451116739989;21.447259009194827;1;red
2.6535147708529303;25.96552109671062;1;red
2.3718269258515754;40.397757215581066;1;red
2.2784352237541956;85.54665523714553;1;red
3.2728857456834493;59.52881864972056;1;red
3.3427873696188284;78.22111953452935;1;red
3.53117034946807;90.77502164576165;1;red
4.232056082283197;22.32088340697756;1;red
4.743728900857951;24.566912088518478;1;red
4.769703283001159;48.39102095028531;1;red
5.8499534514715625;30.33536739759952;1;red
5.312428714698616;58.39472743199339;1;red
5.264685160359373;59.14436238287515;1;red
5.168764037136951;67.53983994811108;1;red
5.461741866777122;78.29580981991174;1;red
6.44325560844382;9.397705333690654;1;red
6.638910123627332;25.512505892476288;1;red
6.33570406438037;26.169339311484052;1;red
6.520098280766879;33.58893621146247;1;red
6.39187925907035;43.083376854980216;1;red
6.161456256232378;44.31719687265319;1;red
6.523422409307295;46.430273107871166;1;red
6.294166296772544;49.882442385579274;1;red
6.392517387290496;58.31432512439038;1;red
7.538396359249656;10.424121240668878;1;red
7.766040676415766;39.730870617761596;1;red
7.111193216356685;40.48623375523055;1;red
7.1902655152206645;52.71978517531884;1;red
7.487039764529704;75.21133518042753;1;red
7.727804816014333;82.30039174855519;1;red
7.413854046935044;94.64966020536586;1;red
8.387927184179112;14.608211643090218;1;red
8.492721999093442;36.57470361600353;1;red
8.545491006888849;37.75791377859876;1;red
8.414196655347288;46.35438941542521;1;red
8.186292573502595;47.20046308034221;1;red
7.971609524146795;48.328338130336896;1;red
8.48224308558152;66.97953886620411;1;red
8.733805240274005;76.42152520118285;1;red
8.361739429066432;88.3570555259647;1;red
8.526618070025615;92.55278711427712;1;red
9.441336897760365;17.717523206641168;1;red
9.588390688393588;31.662481589858917;1;red
9.48881474405529;40.0139274903189;1;red
9.87254235233533;60.47614833578875;1;red
9.500109339885846;81.66865630124028;1;red
9.180773335398055;82.73224054932706;1;red
9.125516676411078;95.28694948456659;1;red
10.469740308628506;5.431000710992939;1;red
10.610954823418368;19.36420570994273;1;red
10.719802396267312;37.55070163014232;1;red
10.55112713127741;39.8983212498275;1;red
10.414824094542373;56.4341596005934;1;red
10.620403061039742;63.52592539955575;1;red
10.518827986081492;76.55417996995745;1;red
10.516158526251528;77.43417139341517;1;red
10.465294985451719;94.63825587386509;1;red
11.71725669807454;4.528149313706481;1;red
11.580398567228153;7.250410962316651;1;red
11.226016194598271;12.611181544522053;1;red
11.673012589545323;23.374872198976558;1;red
11.338698286738397;24.36426286152893;1;red
11.573770443419415;28.443973568189495;1;red
11.390168260582833;44.506950389219234;1;red
11.724206741899033;58.484230651273464;1;red
11.252960664472797;76.30689870525207;1;red
11.676098647547441;93.68581797465309;1;red
12.433732900171526;29.471917793097752;1;red
12.420433618557515;33.332620369473204;1;red
12.60901012826847;45.304512931408375;1;red
12.707729546427899;56.83370282980498;1;red
12.717891562987719;59.77800266979282;1;red
12.171145091710107;82.94915910887877;1;red
12.416158010023858;94.91747576965327;1;red
13.359389979981469;6.696170507205473;1;red
13.246525373563092;14.361297348317152;1;red
13.915631834381575;18.76128322125117;1;red
13.782841393154223;24.363312288922216;1;red
13.169727398432023;25.448428710213175;1;red
13.017423912853687;34.61894161728441;1;red
13.665292100775202;49.68235309407127;1;red
13.517118200132034;65.40483177742414;1;red
13.502795409127534;68.38939288918814;1;red
13.668215261435751;72.47351871072844;1;red
13.231903722097615;81.61619400647307;1;red
13.374724272713841;90.9164687625507;1;red
13.785070193999056;92.27248888350616;1;red
14.539105742244871;0.48174583378574776;1;red
14.694850120386272;4.755734804279519;1;red
14.232709181864186;10.484159091398178;1;red
14.377871227087066;18.3640964238102;1;red
14.296731512736946;20.629538480362754;1;red
14.17329842478388;21.397705953844362;1;red
14.601652280165181;28.29893113881572;1;red
14.532427060816032;32.12763019760722;1;red
14.422680460188225;46.29183872149045;1;red
14.622587709534503;64.64416998796493;1;red
14.44906685751182;79.82629145282591;1;red
14.315705952804668;81.57656085924845;1;red
15.405001378523336;6.6377781407317045;1;red
15.696135046922757;7.48910987925355;1;red
15.590499525692332;8.376215477857784;1;red
15.563213306549464;10.428718738602713;1;red
15.627464537784356;12.235945476597593;1;red
15.230253238617884;20.29947135071603;1;red
15.892643791432615;32.47572326236189;1;red
15.532666894124755;43.2645846906348;1;red
15.588789020056792;56.196918089336414;1;red
15.251853530238344;80.63975884754447;1;red
16.514287654669403;4.565750014795584;1;red
16.312558094390024;9.423500473262203;1;red
16.856592848549443;26.68120298565352;1;red
16.365258714462975;32.78993269146403;1;red
16.568788042043224;43.795843090345755;1;red
16.534217234761254;62.446149390394424;1;red
16.552920824417807;71.38073795143728;1;red
16.93811438528262;87.67166243443572;1;red
16.423703759193092;90.5539699355669;1;red
16.207811564159915;98.09709317940052;1;red
17.45746700242764;5.5075445936554015;1;red
17.431386915492794;7.469985837069294;1;red
17.745541103351766;12.50447645959017;1;red
17.609685934352925;36.38874920343628;1;red
17.568073708756238;38.66872086039222;1;red
17.46203113714838;42.388339394353906;1;red
17.418227254687608;58.61509998857087;1;red
17.590093662342106;71.67696578689582;1;red
18.521335423199424;2.4559214655831956;1;red
18.435415203854536;8.6124239571982;1;red
18.483058970614906;17.493907585237327;1;red
18.572334528826236;24.535293617251387;1;red
18.529722268385775;26.332734520379436;1;red
18.587841158831598;27.545376047366958;1;red
18.33716284617254;29.09006521335584;1;red
18.59514008051663;48.428396437281194;1;red
18.84220904304699;68.36601240618812;1;red
18.692820713917527;84.66937099186137;1;red
18.348297601462487;91.25761773789326;1;red
19.295623219098722;2.2955237452907626;1;red
20.172881966835583;3.5290380184380936;1;red
19.36189229496039;13.473313242402181;1;red
19.525486707244347;20.174956072829644;1;red
19.429247057551986;25.54931640287523;1;red
19.55446696284484;59.30323083764468;1;red
19.442762226100804;60.8047963735334;1;red
19.409078521931534;70.32380023101972;1;red
19.45557237941634;78.57536512142491;1;red
19.611301806993012;81.49414502573698;1;red
19.747160110788816;91.54149595768146;1;red
20.524809009337076;6.242746713166787;1;red
20.51721994559358;8.514469660184806;1;red
20.408572445613345;14.575276975821705;1;red
20.60202304351321;17.63196263688074;1;red
20.36856188219484;30.12361901442745;1;red
20.285953560368476;35.43335613604966;1;red
20.221710926716465;36.70411837185449;1;red
20.34190257422187;54.52163227156884;1;red
20.871895783997605;73.40570426357142;1;red
21.516888509739466;29.490903107867652;1;red
21.182685995653603;30.249740854813602;1;red
21.43911909973657;35.549349224269214;1;red
21.72556140629886;36.44018773048052;1;red
21.296867990381017;41.60254746205037;1;red
21.94553913963339;60.792362931984755;1;red
21.627589899220453;93.70441594940614;1;red
22.687631046275587;0.5815199824850421;1;red
22.77569568469226;1.4175300807338238;1;red
22.37595416815901;18.769650987330746;1;red
22.714312351975767;34.221254430760325;1;red
22.302193182293998;35.45582690053868;1;red
22.263970449929456;50.74314195268516;1;red
22.560515458631475;51.05743265667797;1;red
22.46636485618649;67.5330115084913;1;red
22.847395004012945;76.5759923810234;1;red
22.833805256886233;82.44539219748265;1;red
23.44552788432208;9.590038895296733;1;red
23.694544677622197;12.383342203909356;1;red
23.34742227632946;45.48934962587677;1;red
23.62115412561324;49.26638521330998;1;red
23.544076308900543;69.61917906376918;1;red
23.630659950221716;92.55453194434673;1;red
24.48905902941393;4.377151985508763;1;red
24.35691165327306;9.494286988253211;1;red
24.10697688903899;31.75122345288988;1;red
24.371719780013226;40.61129568716371;1;red
24.249899885371743;45.32541830864938;1;red
24.53622053586067;66.33535588874082;1;red
24.603497065731197;83.74639236593067;1;red
25.59607775782879;4.53553019635317;1;red
25.73953615625862;28.425899829125417;1;red
25.467597096340086;37.621586639395;1;red
25.273293771739088;52.14298624016071;1;red
26.577427189001288;37.98014050354491;1;red
26.56614317069219;52.59695297601342;1;red
26.344054018749897;69.46815318779846;1;red
26.45467982509644;99.33862337682051;1;red
27.640072526046264;2.3778738636633148;1;red
27.524270019321573;11.866944048411352;1;red
27.52968820438554;12.295082861292897;1;red
27.951863279228427;20.431291807665;1;red
27.469923919013162;21.739697160698306;1;red
27.297862311535678;25.527313588358812;1;red
27.471211414666428;31.11095666538061;1;red
27.74592634759358;48.35997352310928;1;red
27.805111440156715;56.521252818513965;1;red
28.543889849504612;8.13422568799471;1;red
28.525202602162697;21.342367288423816;1;red
28.59582230624438;28.31624794214157;1;red
28.30669360406055;61.50622394984721;1;red
29.363623065358926;4.260495609260521;1;red
29.70786406164196;8.038248604248924;1;red
29.41037143894747;11.161438937317842;1;red
29.56366256316615;16.611111490674958;1;red
29.655025949779937;47.580596118348815;1;red
29.324945475098968;57.49050421571697;1;red
29.500911692685527;94.34314119445533;1;red
30.57208231855795;0.2882084632291988;1;red
30.589248116202324;4.511228688993614;1;red
30.648931393546647;9.341708702343556;1;red
30.28905755434335;16.65464997681494;1;red
30.749626362789378;30.326603556260686;1;red
30.6213790876777;41.60805637670982;1;red
30.708527179747254;54.69283183662397;1;red
30.278951515989036;81.64712426516226;1;red
30.360136437679827;87.58296124147346;1;red
30.618243924375815;96.35329526804064;1;red
31.65290653519015;7.608800750822774;1;red
31.363795710938444;9.700551945694484;1;red
31.464934707114036;15.034462209453858;1;red
31.495266221547606;18.51294686476297;1;red
31.36958741881068;31.261042522719034;1;red
32.73030280827518;3.417072683907761;1;red
32.625624219779226;12.111886711739459;1;red
32.54107129724801;15.4781302326709;1;red
32.3289862809642;27.824355743324624;1;red
32.5465106447396;41.34577733812704;1;red
32.38593571319729;49.1688437693789;1;red
32.55907040635477;64.19881979730481;1;red
32.39992876229123;66.59307562364296;1;red
33.436999704531004;5.6213112372874425;1;red
33.15213234512911;15.341504473127529;1;red
33.494394604463444;18.730488092562112;1;red
33.45489351650436;20.585087475779154;1;red
33.52967180316976;53.09147012991355;1;red
33.75401083971669;76.42860079788564;1;red
33.29701023527537;79.60285625837534;1;red
33.3428236858429;91.26217958665433;1;red
34.59493197498899;30.598076070531555;1;red
34.508234715250005;43.30745680422473;1;red
34.64448834711006;63.436527764340475;1;red
34.23144403049427;71.12379588483557;1;red
34.534869809396525;75.62301564902138;1;red
34.51075324764707;77.34703586906757;1;red
34.52713294560911;79.05008813629422;1;red
34.60076474899765;96.66256626666546;1;red
35.742288588378095;3.57045097663317;1;red
35.491014531706696;10.339748220337999;1;red
35.97491273505167;21.927766700795893;1;red
35.6540362778432;22.336468837867624;1;red
35.144083297522954;62.45374079063223;1;red
35.81075964169746;66.37761474818116;1;red
36.239744027153314;8.515903319210658;1;red
36.602779736012494;11.743379447387772;1;red
36.43682867151165;13.773175879973815;1;red
36.73414959808101;47.552934100498135;1;red
36.77692065508184;68.3593040052153;1;red
36.696247401954686;98.54364540608856;1;red
37.46051330770228;7.29869999488917;1;red
37.53273974582908;19.391454904062826;1;red
37.20342405787632;50.46892900757782;1;red
37.553655297981074;56.26222120694826;1;red
37.41257022836371;62.59009540626426;1;red
37.46229565404384;88.37847482708032;1;red
38.4884250979291;5.467403459003135;5;blue
38.66179722901726;25.4521562342272;1;red
38.792661285568734;33.48242401636049;1;red
38.92527421785336;60.85168681154841;1;red
38.51067971624853;62.71090633701161;1;red
38.10454009033453;63.309166949868775;1;red
38.46948192591038;82.55831591191529;1;red
38.25314721490109;97.7120527650102;1;red
39.43284613129958;3.095152274410853;5;blue
39.36864715320003;8.255758874654603;5;blue
39.74785986022205;28.69769653963762;1;red
39.71287531773441;31.529804032982202;1;red
39.51855274233717;50.79254727677231;1;red
39.54594468462982;51.290034817157796;1;red
39.57242603583072;55.45432411637879;1;red
39.56405618338454;56.7228833916631;1;red
39.57260864499604;68.49895059699861;1;red
39.19865933791726;98.49903311150946;1;red
40.4065120569146;8.36207336673713;1;red
40.57836282049223;21.571667233837264;1;red
40.27288145513755;26.465587082818768;1;red
40.569589528416515;35.651079629711255;1;red
40.34354384359932;55.55802747936285;1;red
40.344502431127346;81.60158372481786;1;red
41.66543862342078;15.418782205914079;1;red
41.147163825730196;30.303044607254204;1;red
41.61211428591621;35.53287847768826;1;red
41.596537532397434;52.553565027638165;1;red
41.35805014385452;64.44401327839002;1;red
41.448363684876554;65.55702479162736;1;red
42.55199641998304;6.803495002842254;5;blue
42.38829014780974;11.29441234164754;1;red
42.350882149816464;37.83900205817696;1;red
42.73126484253163;44.45597609442246;5;blue
42.693819119996704;64.36143562481382;1;red
42.553783715109006;65.35095787569;1;red
42.37160109494963;82.18139631471206;1;red
43.083430562362565;5.062646855154655;5;blue
43.46734800209063;66.54449530157876;1;red
43.41566127123844;80.4502026820018;1;red
43.36853066789492;87.43771900312657;1;red
44.44246475793179;10.364213580826574;1;red
44.63997322810609;18.36766169295964;1;red
44.29801817847401;19.296428970863555;1;red
44.63499139752042;66.62907664712952;1;red
44.41236919569524;91.54804740840412;1;red
45.077627644201584;1.3901884655910262;5;blue
45.628588619907305;14.289065953444341;1;red
45.599195181031774;18.70477061007356;5;blue
45.595402601751;22.3500612238414;5;blue
45.6318869960201;23.603166550446804;1;red
45.70124225616522;27.1232934992077;5;blue
45.576834768103936;35.39782601481441;1;red
45.42992229376611;38.478909465342255;1;red
45.207494735881106;41.336383259508075;5;blue
45.38266983036454;44.222691577397946;5;blue
45.7753381093666;58.61344957696735;1;red
45.423631583990975;97.2319238583306;1;red
46.11499214980109;3.5943221928471067;5;blue
46.65092947559225;12.618879121499274;5;blue
46.49001813167706;21.417731939340147;1;red
46.3880495726626;36.54835973730176;5;blue
46.58477081373592;48.775213189170884;5;blue
46.511645097941425;59.6168533977595;1;red
46.44572787190782;68.3780428227629;1;red
46.44550786975246;77.48667512682198;1;red
46.711658037841424;80.57995555147342;1;red
46.83190009994851;95.46800449507246;1;red
47.28551560097731;17.050652207082585;5;blue
47.46024185767706;18.458161832607033;1;red
47.62994176195993;19.7581694868038;1;red
47.717222724537415;27.53924560727194;5;blue
47.72703794232402;28.45415786817858;5;blue
47.438696456397864;45.81914065818382;5;blue
47.548628677060144;56.429433882811544;1;red
47.507335822090894;57.50228005329136;5;blue
47.51466146707894;80.83542088697192;1;red
47.353330954296574;82.28119859727737;1;red
47.62409075259269;84.5215753533935;1;red
47.45479651940838;90.4981390969337;1;red
48.748813535547825;7.399211140796034;5;blue
48.74790511053605;12.566891830655809;5;blue
48.50858291045061;19.253725004553274;1;red
48.326995942195474;20.546383004126085;5;blue
48.337894259106214;21.525034134066686;1;red
48.58278866238157;22.478504877704975;5;blue
48.381166489461485;48.426863390706345;5;blue
48.383308368678044;52.58923024638902;5;blue
48.41176817513153;69.43377526199743;1;red
48.43320984335875;87.39836506667156;1;red
48.083136079772714;91.5440994782263;1;red
48.32935112589346;92.9988945858605;5;blue
49.21633724908364;18.255022988535163;5;blue
49.52322488353818;19.549030165597493;1;red
49.59564470021895;22.3622742033383;5;blue
49.670574389299254;50.49345468596444;5;blue
49.359639243243635;52.412906036989575;5;blue
49.54647891013195;73.93393892282742;1;red
49.24467860384507;76.48455006003172;1;red
49.434942012609376;81.79771834756329;1;red
49.416838736228165;90.36233900419518;5;blue
49.39368334149518;94.2272966917204;1;red
50.22155286994687;1.6601999533155896;5;blue
50.30724131440505;3.487065670811381;5;blue
50.35543024057187;11.34120360511133;5;blue
50.34804903823091;17.503400915493124;5;blue
50.22393166162904;24.405097239250537;5;blue
50.576471121150504;25.5747630681511;5;blue
50.67031861978724;47.29998480304546;5;blue
50.32617344045776;55.5663434886372;1;red
50.61297113273327;60.321194635838296;5;blue
50.590209220422906;61.37468471143554;5;blue
50.230653382718884;63.78627518891013;1;red
50.17572069101512;84.60296227253387;1;red
50.534202088495626;94.3880913890166;5;blue
51.633191446052145;5.8084675506642505;5;blue
51.681055815040494;41.879526332672896;5;blue
51.41631611316577;43.498699354286764;5;blue
51.499432319979896;52.525213117148546;5;blue
51.28967692526782;59.50986416500245;1;red
51.12061031767027;65.65887108549833;5;blue
51.681301209052954;81.53988009637236;5;blue
51.31588912857222;84.66735009675763;1;red
51.611162814119695;87.5318490712795;5;blue
52.63296881203195;0.8502775120710252;5;blue
52.25841907247392;11.387064916671859;5;blue
52.47633540467358;12.695841447552667;5;blue
51.97390162422021;18.421938967987366;5;blue
52.0227146748637;22.40178291222489;5;blue
52.56080532103999;24.348528970262766;5;blue
52.385029250657034;28.61350664086425;5;blue
52.97307622492295;34.84188402847342;5;blue
52.55685477480101;47.40839698904599;5;blue
52.62207334191592;55.06723592862421;1;red
52.727957291804096;69.660403620488;1;red
52.77919054589449;87.84605350886694;1;red
53.53668627377682;31.419913999710417;5;blue
53.60732390746551;32.38230584643828;5;blue
53.86345592559853;44.81159263162887;5;blue
53.337633644661345;47.41784872347666;5;blue
53.60234862257123;50.61543641796873;5;blue
53.58907443139366;68.51292640344946;5;blue
53.289491131088596;96.33474377458884;5;blue
54.568598032014556;27.11243507042554;5;blue
54.52400517656398;45.5639439236146;5;blue
54.700611158692794;49.4189452737953;1;red
54.379321781032246;50.65440837411444;5;blue
54.521158044351495;52.3507627986629;5;blue
54.11393564578983;82.39593668319654;5;blue
55.33477401020517;3.490314326124141;5;blue
55.36328611912367;4.57386938621463;5;blue
55.7434300004895;7.323977202874171;5;blue
55.64979689142636;18.289859304986503;5;blue
55.36224310870608;42.55270628521132;5;blue
55.462127169766994;45.65650358390744;1;red
55.501882401902144;47.559506091573084;5;blue
55.51834709709032;66.55747308035212;5;blue
55.86366968425278;71.80212687828892;1;red
55.707392822029405;77.50646782721574;1;red
56.47019243116523;8.238177415527073;5;blue
56.53908786921184;9.216101391398821;5;blue
56.31137023864698;11.4714600295609;5;blue
56.30321002904152;30.440798440585;5;blue
56.39853457823065;33.849307862988155;5;blue
56.751918844762116;36.45550974904797;5;blue
56.61585470209969;38.73853139982686;5;blue
56.557176258961476;41.72345098342966;5;blue
56.58606468296238;43.228540813610536;5;blue
56.27064536901382;69.4794205626764;5;blue
56.56819331932977;88.11964727900097;5;blue
57.37399302020536;4.717216388187095;5;blue
57.63990690546546;7.379130370557421;5;blue
57.42623292685468;10.370353185734162;1;red
57.809106800564926;16.590651651691545;1;red
57.09363858957616;19.29498676564168;5;blue
57.279454583917406;24.65329570064357;5;blue
57.14099199503214;40.59115173346951;5;blue
57.83331526887827;47.388382967678005;1;red
57.132915445711916;60.61305663813491;5;blue
57.42117238865517;61.23887827181244;1;red
57.375320325598665;66.65751883978277;5;blue
57.57333909826063;83.25376806087304;5;blue
57.43460751505572;99.03384019702003;5;blue
58.65010155847846;3.546132460996869;5;blue
58.38875694615334;9.642748510179157;5;blue
58.522981880406334;14.175742521536804;1;red
58.36200676883402;32.81820946843635;5;blue
58.36167417957283;33.91136469977073;5;blue
58.88055239172503;51.42119755654571;5;blue
58.32996280990673;84.11178822317258;5;blue
59.58475432888785;0.527923458541317;5;blue
59.44994070726388;1.4435144760433163;5;blue
59.47477419100928;5.37903991067416;5;blue
59.590997209737985;8.621568550166764;5;blue
59.29466939991329;11.329213797553871;5;blue
59.83836087385411;16.503485133307617;5;blue
59.17966337357114;18.42536923821658;1;red
59.39973387600701;22.65065893128604;5;blue
59.377656291505;24.575779339834778;5;blue
59.5282302177439;51.59291982203032;5;blue
59.65807118493033;58.541761585742734;5;blue
59.52551879817935;59.76450018755895;1;red
59.53811289349034;68.16003494712425;5;blue
59.85958328364237;81.79654362744938;5;blue
59.81297354638482;85.33868568646018;5;blue
59.528448958041146;90.59378601491228;5;blue
59.662533442444584;91.45196281438186;5;blue
60.45411506308061;1.4888691807521015;5;blue
60.560481901727776;3.324667985087543;5;blue
60.49418935135628;9.57510023770465;5;blue
60.57932434820154;14.562107525311719;1;red
60.89393651799846;17.454968032380357;5;blue
60.73534852659556;29.654379826069388;5;blue
60.66711989648182;39.4464543709792;5;blue
60.534302157592975;60.5154627993777;1;red
60.516045989449985;63.45740196519251;1;red
60.815639336386916;65.40504035163852;5;blue
60.26578328731586;79.62706856650945;5;blue
60.325330899017345;80.35201056553304;5;blue
60.73525632695874;83.00199565980651;5;blue
61.401991026077596;10.666688230464455;5;blue
61.77427887538959;17.209362579698094;5;blue
61.38652853427389;18.77170709128203;5;blue
61.29517433702548;25.718295012855304;5;blue
61.71393151071241;30.32071256747956;5;blue
61.818924290970706;31.702697496808266;5;blue
61.608660644398476;32.657774363208105;5;blue
61.58923730660428;43.697943564900896;5;blue
61.62320957670797;67.52391509333627;5;blue
61.88843512590832;72.55801706096807;1;red
61.68080434169702;73.66885777972844;1;red
61.54950576746073;96.60644914727837;5;blue
62.57323547218799;8.68616923303058;5;blue
62.36628367310913;22.818124230257343;5;blue
62.91976799515766;30.55476119656521;5;blue
62.13505988452175;38.41721149922777;5;blue
62.5390489454297;60.85745978756158;5;blue
62.26388700819237;73.32637485386662;1;red
62.29485114841614;89.43557436118064;5;blue
63.4185736264839;0.6177951214274767;5;blue
63.3805643452478;4.495638703101597;5;blue
63.59099336411009;11.988002673247355;1;red
63.032913884580054;16.51205916678889;5;blue
63.7085979123948;21.264930086263373;5;blue
63.57200691326124;32.695842800613875;5;blue
63.491877341605324;33.681895918006134;5;blue
63.60887226577428;47.71526936787927;5;blue
63.393163759784265;52.50999120942945;5;blue
63.31778384829723;60.566933302515146;5;blue
63.679425551148114;83.19642982322242;5;blue
63.75129829357425;88.22654774217104;1;red
64.4718518360391;7.660150334151168;5;blue
64.3765152434227;13.827040014348459;5;blue
64.20286183291016;16.338654679172834;5;blue
64.38555190002367;18.479529932897115;5;blue
64.60011604625905;23.576890345162724;5;blue
64.49902883606;35.177336680121925;5;blue
64.76318574358889;37.61990402053077;5;blue
64.5969390589807;74.68550557423833;5;blue
64.79033957559676;84.55724503047368;5;blue
64.73556153164574;94.78048409524575;5;blue
65.55112810431702;0.8968370875124678;5;blue
65.43403901228706;11.247701458962668;5;blue
65.05446711123719;14.263638002816101;1;red
65.42126855198156;16.426864885935885;5;blue
65.25965655974227;30.657071789699852;5;blue
65.21520242501502;46.0936998403072;5;blue
65.85126817888562;59.1288706778849;5;blue
65.42816648408896;67.20102153952772;1;red
65.63470853297952;72.62607942247489;5;blue
65.60029216123617;73.99700552951339;5;blue
65.12072884372803;85.75330711286037;5;blue
65.98113058999515;86.42044023185136;5;blue
66.00521512147098;96.62498939519128;5;blue
65.7737542039612;98.13136897422585;5;blue
66.61438782309068;20.480090477267396;5;blue
66.49096205871949;22.514510842497796;5;blue
66.3260226222908;51.820346929010384;5;blue
66.62584503138505;83.35974907726465;1;red
66.69041427288727;86.58238688440521;5;blue
66.23728287416623;97.23908975299364;5;blue
67.34358915063663;19.322942489350446;5;blue
67.48347133149962;27.554904390288584;5;blue
67.34962686959501;30.417649854234856;5;blue
67.31403713393298;47.13241903613188;5;blue
67.46198341072324;55.48054991725287;5;blue
67.3000743916244;58.33184174004811;5;blue
67.41899635201686;60.43094173840701;5;blue
67.39418200809912;64.4601651680821;5;blue
67.85752393515858;70.52098150356649;5;blue
67.58237264814508;88.5413306551888;1;red
67.70276297610233;94.5870525043095;5;blue
67.57019826820597;96.55754308182098;5;blue
67.6187501043434;97.68103813607951;5;blue
68.56538513415703;10.564306505370249;5;blue
68.81220669221504;17.504229553694564;5;blue
68.5241619310754;27.57824548348471;5;blue
68.79004419621967;54.17749293619543;5;blue
68.27189699408342;62.50942771017319;5;blue
68.7636253135548;97.08975140955465;5;blue
69.73105949146108;38.34100855987377;1;red
69.23385493687623;39.329023078732426;1;red
69.6289752328901;57.678611309851554;5;blue
69.59991425491184;60.36790420901201;5;blue
69.75996584741966;63.675805135015416;5;blue
69.37589893180109;88.49038622318879;5;blue
69.80662070326535;99.42413822900556;5;blue
70.11250748600786;0.8839366188274349;5;blue
70.40282251463975;14.885910834364164;5;blue
70.72870441346369;15.339757622089163;5;blue
70.46486321422;21.09722688327328;5;blue
70.61693069727403;22.480682267485612;5;blue
70.63374739789138;34.42364488362204;5;blue
70.04010541542152;37.16288929785945;5;blue
70.23745533497923;61.27018904084223;5;blue
70.54577677014346;65.87040513305114;5;blue
70.84996061993647;75.600269564638;5;blue
70.26742649901597;79.4622983232745;5;blue
70.70207357398331;85.4715947524934;5;blue
70.23657211159971;91.63108541811395;5;blue
70.53867747008454;95.66789746957016;5;blue
71.52517054377299;5.303739005019537;5;blue
71.91095834598865;9.695361425458284;5;blue
71.70459090888104;19.553903430072822;5;blue
71.43328033230048;33.69816260302935;5;blue
71.42221588033964;64.47703983069813;5;blue
71.66093142752173;86.58808574089666;5;blue
71.42877634665274;93.35421176665982;5;blue
71.65189468931106;97.51279001235302;5;blue
72.63259566691514;3.826835167196551;5;blue
72.63450271971546;9.858563408580558;5;blue
72.64505013306838;13.739890670054693;5;blue
72.37850058289123;36.555350109738015;5;blue
72.73606236157795;46.636325728284376;1;red
72.4589213846483;47.425543721234355;1;red
73.41068366263272;18.339169909121843;5;blue
73.20466806890416;25.43170049359231;5;blue
73.40478048444264;67.51912333963107;5;blue
73.62865037239656;76.56944924516287;5;blue
73.10971022650314;87.88164238966974;5;blue
73.60408095477433;89.29422544437743;5;blue
74.29512116034475;1.6836334236823056;5;blue
74.19149348867846;8.879525621839894;5;blue
74.37064120540347;14.492010785830212;5;blue
74.37940393793747;25.605279086416715;5;blue
74.14534641238451;34.7758242236734;5;blue
74.2048897841949;36.225175677552386;1;red
74.30829007460017;38.48934120625891;1;red
74.66411999356939;43.5960174713359;1;red
74.35143152874885;47.441908708452154;1;red
74.49722429181143;50.35937347274679;1;red
74.00679073930803;63.400623050173955;5;blue
75.0985397980197;64.68254334460309;5;blue
74.4064846748535;71.31623561765429;5;blue
74.55802554903663;81.26841967448759;5;blue
74.22770279395127;83.4637893220737;5;blue
74.52520177837957;87.54582765317674;5;blue
75.14345816602238;2.7374356193419396;5;blue
75.54207536338373;13.452670037106719;5;blue
75.37102933486933;18.683125502862566;5;blue
75.5285611084724;34.492314614601405;1;red
75.3736908212647;35.649940120198465;5;blue
75.52630714505905;38.9888247565269;1;red
75.81426438348176;41.375808733416456;1;red
75.34134153624304;58.31171052730236;5;blue
75.39822316493498;61.785333670463494;5;blue
75.34944834603652;64.61030969455298;5;blue
75.47046665305858;64.84159640218235;5;blue
75.38277190238034;68.08270119925317;5;blue
75.43413364094395;70.22224704621374;5;blue
75.59516434855571;80.45197002407465;5;blue
76.47807823519756;6.532962708812222;5;blue
76.31775928193612;11.523490339951696;5;blue
76.16795651374369;19.49938166380481;5;blue
76.36675472516231;35.715249908836;1;red
76.49890116273168;49.37456618417631;1;red
76.26892643106348;60.349048941508975;5;blue
78.06584359604884;3.61724173588583;5;blue
77.24230409541646;11.632893848035895;5;blue
77.38428989064514;14.450308139940757;5;blue
77.19985340494843;25.440292305265118;5;blue
77.46467730436983;27.671245984132113;5;blue
77.48393932106501;44.13926870979453;1;red
77.88951181139149;51.46239364962554;5;blue
77.70207736282607;53.611276481016795;5;blue
77.51792902098009;68.38293630352761;5;blue
77.77457418495145;83.40060878137872;5;blue
78.6737759007345;0.6136187204724269;5;blue
78.461832116649;8.27188932117162;5;blue
78.5863612838464;11.751325012670808;5;blue
78.73772980983209;13.357418695143467;5;blue
78.59146382166833;23.591836666177603;5;blue
78.61697861289139;30.268518753515348;5;blue
78.71366781168027;33.47735609718135;5;blue
78.53683715248721;53.33214385554696;5;blue
78.76571616527487;88.64881363298917;5;blue
79.29160892073043;0.31059385408274853;5;blue
79.48944158999429;1.1330779501597847;5;blue
79.70530899134738;4.232369346297759;5;blue
79.42681053416553;16.594620751125866;5;blue
79.5043449022851;22.512129135143617;5;blue
79.50646950923185;23.548163379967786;5;blue
79.50457464497796;30.210366070149817;5;blue
79.42273787571439;37.63024315465639;1;red
79.90368129162803;38.72628659857086;1;red
79.61695599845639;56.53259820830543;5;blue
79.73495141553079;58.51379714976048;5;blue
79.75847133366149;66.8531701845976;5;blue
79.20716130964887;68.61645542313238;5;blue
79.54478785199144;69.5780771322482;5;blue
79.35248740205557;71.35459560576564;5;blue
79.77473349164887;94.51483468431016;5;blue
79.26905707779478;96.42177883712264;5;blue
79.37690895342652;97.29032924910108;5;blue
80.54338841444462;2.5937153314528385;5;blue
80.80323688524199;6.503225162969744;5;blue
80.79970312442096;8.454176075191592;5;blue
80.09629366755406;16.79851742255073;5;blue
80.51529856588678;23.450419884226683;5;blue
80.6663746420075;27.523132503031274;5;blue
80.60638092766479;30.304757871929926;5;blue
80.39959716759144;31.240688350480138;5;blue
80.4754345720009;37.82609490252047;1;red
80.44710956509476;42.29505917555201;1;red
80.67338161999471;55.25121534977594;5;blue
80.33700836096799;60.495235766795766;5;blue
80.39050087935867;84.19615195292641;5;blue
80.50666636683248;86.74082858863827;5;blue
81.7574027052379;13.374528280485254;5;blue
81.38677974125712;17.541637922151835;5;blue
81.73880562191083;18.50073662889406;5;blue
80.9714373789102;22.28787827680136;5;blue
81.2303534167151;26.212519744073038;5;blue
81.57277717240314;32.46715790628389;1;red
81.70678865035872;33.68457726464472;1;red
81.5302536253762;45.800523370378315;1;red
81.44735821832168;54.42985204865512;5;blue
81.57234329348205;68.4410468848245;5;blue
81.71892433524536;85.35100549618893;5;blue
81.59558764189015;94.37556203725293;5;blue
81.1762645893284;97.61251511929784;5;blue
82.3419154055614;7.1217691336337445;5;blue
82.49687369831481;19.490861389777546;5;blue
82.3408215630599;29.592003714014453;5;blue
82.91299261279661;30.574169258909887;5;blue
82.2479452666099;41.49604085982214;1;red
82.64500675939676;58.48022114515952;5;blue
82.71331086986666;72.33031258185885;5;blue
82.5299403929598;73.36118073421156;5;blue
82.75647378877288;83.4266213273436;5;blue
82.4949057243045;98.49564330672564;5;blue
82.19925313129919;99.39303574101002;5;blue
83.64195949077858;20.465071386159867;5;blue
83.33251436299338;34.3819185447831;1;red
83.40149571606639;39.45956965780878;1;red
83.48692769845115;47.30498649229894;1;red
83.19731779630088;53.27395991442953;5;blue
83.35161784928363;65.50609279552728;5;blue
83.53137791130683;71.55350157396485;5;blue
83.7833362725757;72.94707056730125;5;blue
83.53674884920245;75.45212298635066;5;blue
83.85975278946543;77.01354837729765;5;blue
83.89385817488507;89.54130577461827;5;blue
83.56998511382558;90.31586914805405;5;blue
84.55480007223527;2.4559300514989078;5;blue
84.23082765057019;5.56295033588825;5;blue
84.71108322800431;8.722347393620554;5;blue
84.35893729128955;26.402243269401584;5;blue
84.46542547845102;42.44474364084339;1;red
84.27395778920707;85.00371131160935;5;blue
84.69735431338736;98.21607819647461;5;blue
85.19745501142104;5.800038759647853;5;blue
85.25043481481619;8.58337054491276;5;blue
85.12744975206353;21.4215053915414;5;blue
85.24474872400624;25.56129856276731;5;blue
85.7605940887354;27.608073642564325;5;blue
85.40992217463835;28.478246315624357;5;blue
85.30199551198726;30.4460757579255;5;blue
85.55430164616136;46.20024737484121;1;red
85.77645099290659;48.72720179389145;5;blue
85.27932191817992;53.242291673665626;5;blue
85.45839714606196;59.46603134520091;5;blue
85.63002739839497;69.38436153989657;5;blue
85.38768454868332;86.99523656144414;5;blue
85.46515898050448;89.25024697591958;5;blue
85.56782567212296;92.93676893106807;5;blue
86.54069483604661;2.864235869745899;5;blue
86.76151161165535;32.38119565019498;1;red
86.32183316729193;46.309564641557806;1;red
86.47918824750712;52.48762198746923;5;blue
86.12730110229515;55.417100356966046;5;blue
86.78182911755138;61.260331794549444;5;blue
86.51319959486213;67.38506810807122;5;blue
86.61429039933707;71.37280973524618;5;blue
86.49658975759593;73.42933480346865;5;blue
86.49980759969868;93.4207361980343;5;blue
86.69476170211226;95.0321475832112;5;blue
87.38385512141936;31.680444208859914;5;blue
87.56984540015353;34.494678971918624;5;blue
87.34966039940507;37.69198103584043;1;red
87.44686731462974;42.76695911275655;1;red
87.69882766685862;44.66439797570848;1;red
87.66576892098996;47.654148621659125;5;blue
87.10288987424705;55.533155236977564;5;blue
87.8819938782629;72.3527268749712;5;blue
87.55929501906385;86.48405326496771;5;blue
87.31070758678732;88.15396326086315;5;blue
87.45999157611462;91.61812988369726;5;blue
88.43169020562941;15.528522985820215;5;blue
88.78324754333757;16.284950736174295;5;blue
88.47358908380922;57.52039114828289;5;blue
88.93037911311747;83.30495499712995;5;blue
89.60360183938278;0.703346002860374;5;blue
89.6966488923165;10.537324144037528;5;blue
89.3164039034298;11.81143543113403;5;blue
89.64296671242433;18.047631623899946;5;blue
89.28943730934068;45.389180935502154;5;blue
89.40678435012525;49.69411388296431;5;blue
89.45627396407448;54.56236923172774;5;blue
89.35106208040725;55.424759786957516;5;blue
89.36930034948513;56.52711358039816;5;blue
89.70005922534901;60.37771590311202;5;blue
89.6506115801775;63.45606330708671;5;blue
89.41173804024497;66.26874216475441;5;blue
89.39008939425659;83.50628634707533;5;blue
90.3436242916392;16.700333666497908;5;blue
90.31946853861245;27.566824456163747;5;blue
90.44195426595327;49.20267263804338;5;blue
90.30897573802906;52.7908102478406;5;blue
90.68771774843525;55.59889990419265;5;blue
90.56888174971878;57.62733560452779;5;blue
90.41589778813969;58.2072399213141;5;blue
90.66661836706211;64.48062160706229;5;blue
90.59448623729104;76.60875305151515;5;blue
91.21123161132228;14.554531795365818;5;blue
91.21600505370633;15.00009756064114;5;blue
91.23457376976286;34.55547529510922;5;blue
91.79658136585876;41.35056344156632;5;blue
91.40188313652594;44.91579966792343;5;blue
91.55333477640359;46.36932507797069;5;blue
91.56483172138962;70.66074655191237;5;blue
91.24636918885356;83.62998201722665;5;blue
91.62046967914037;85.6134529093583;5;blue
91.51118533263475;93.31814964254455;5;blue
92.70728616841066;4.8027825146305565;5;blue
92.47870802020564;5.721600759248645;5;blue
92.55098588393044;7.1602550933218225;5;blue
92.46652977372088;14.594737007339328;5;blue
92.42745153058313;18.57298589419936;5;blue
92.49519547113732;26.63236329031476;5;blue
92.54192435666667;27.50381133186703;5;blue
92.3312069461441;34.512651995370035;5;blue
92.27457934384711;39.173481273173095;1;red
92.20184774014587;49.51144703618877;5;blue
92.19166947540891;51.67149390294747;5;blue
92.5179771088524;61.154537146172466;5;blue
92.38564531585291;62.43663252311803;5;blue
92.95595582003796;65.71557134660787;5;blue
92.52355430907295;67.45518145824916;5;blue
92.60561031117005;78.32118672936377;5;blue
92.72090651005537;82.7002500507368;5;blue
93.38586368574245;15.185511856280089;5;blue
93.21149674507639;26.34772881509566;5;blue
93.92488611498824;43.3984239990021;5;blue
93.37979590468684;56.14247033512673;5;blue
93.2644965955343;59.388198966385126;5;blue
93.24055198496109;61.75890649790879;5;blue
93.47747674950995;92.40095702299028;5;blue
93.2633677004715;93.88971252944604;5;blue
94.64601747596018;49.749525665392014;5;blue
94.7607913506462;52.32970067198317;5;blue
94.10095574374415;58.47601113643593;5;blue
94.39340545980319;62.78224556681236;5;blue
94.53874580463952;63.50246926149014;5;blue
94.49232237400996;64.70110463223175;5;blue
94.44113842213973;66.30974176779026;5;blue
94.87354854339324;71.40787565107235;5;blue
94.53988061801309;84.25657024481059;5;blue
94.18071480261686;85.66581652565455;5;blue
94.56770734110847;87.81796195744832;5;blue
95.58034822269269;4.452887038153158;5;blue
95.45926220383033;10.888697699920103;5;blue
95.83362492268822;46.47867697397953;5;blue
95.54043173500915;56.680337643500174;5;blue
95.40685666486876;66.29607445280563;5;blue
95.5027702926186;82.43068849131087;5;blue
95.77196883878703;90.26778177189622;5;blue
96.4166347064566;0.25829881729292503;5;blue
96.77379556631342;14.32466681364263;5;blue
97.07092086177848;18.688256401740382;5;blue
96.53694390752275;27.29494462027239;5;blue
96.61330769222154;28.63063926285734;5;blue
96.12498711221868;61.2452072162298;5;blue
96.62591503374266;62.82931350294371;5;blue
96.70565060926856;80.57111341476877;5;blue
96.33884322080313;87.23629957027931;5;blue
97.67388345646502;4.18827918272953;5;blue
97.49697437894338;19.577557619564985;5;blue
97.40301931640137;30.819800411093034;5;blue
98.00790576834825;37.3025234644379;5;blue
97.3536799730001;46.36628019132995;5;blue
97.72314081730455;54.363406073517105;5;blue
97.82045136380393;85.62385657881701;5;blue
97.52763796838401;86.60399784789517;5;blue
97.62833536282726;90.7417668460127;5;blue
98.981051566087;62.45981091642273;5;blue
98.47282209271725;73.5216685668178;5;blue
98.50374301586075;83.68997883532401;5;blue
99.83087186699902;13.427882555711872;5;blue
99.52266858897227;16.4318755521119;5;blue
99.29584349785983;53.64046308411618;5;blue
99.5595643013003;84.7850863224041;5;blue
99.32788360936128;99.24905870710923;5;blue
