1.6136;39.1949
0.1723;41.0027
-0.447;46.5387
1.3978;52.5273
0.6915;35.902
-0.08129999999999993;45.5069
2.2043;27.824
0.5410999999999999;47.2239
3.0354;49.5534
1.4694;51.2494
2.475;49.9
0.9807000000000001;48.4307
1.46;51.2665
3.561;25.0262
3.5122999999999998;25.2276
3.7007;29.3944
3.3742;35.3259
6.354699999999999;36.8538
4.9212;39.4805
5.8177;47.4605
3.5423;51.6072
5.3581;55.5454
5.5251;21.7769
6.5893;33.7421
5.3136;37.9447
6.9792000000000005;46.1257
5.5629;48.4702
4.2557;48.4195
6.1366;17.0371
6.3117;25.0032
6.606;30.1733
6.0344;29.7292
7.2163;31.6977
5.6207;48.1234
5.2187;51.3329
5.2725;52.1659
9.0483;20.7219
4.3489;26.1549
7.6635;24.6087
5.221;37.7725
8.0493;36.2825
4.6136;39.7444
6.8952;43.7438
6.6906;43.088
6.4366;43.7842
4.8939;47.6366
6.254;61.7907
7.5328;16.8842
6.9991;20.0674
6.848;23.1055
7.451;29.4268
7.1452;32.8396
9.0453;38.085
7.5019;37.6933
6.8032;39.267
7.4933;41.0665
7.1381;45.1315
9.6905;58.7984
7.7149;23.3835
9.2219;25.1755
9.9296;35.0176
8.323;38.577
7.4889;42.7072
9.5722;41.8612
10.4534;44.5578
8.8809;46.4772
9.2102;47.2308
8.8691;49.0693
8.8582;50.2024
9.6958;54.1957
8.7494;15.984
10.5103;19.1934
12.0557;25.8148
10.984;41.31
10.8049;41.9076
8.6697;44.1547
11.0032;53.9962
9.5304;60.6126
10.4605;63.5156
12.4829;24.3328
10.1463;28.0306
12.1094;28.610500000000002
10.8233;29.4161
12.2655;36.7907
11.9986;40.7149
10.3862;42.6442
10.7767;49.1853
10.4444;50.9721
12.5558;51.066
10.2943;52.7897
11.6965;52.7461
11.0835;56.4971
10.7374;59.3979
12.7581;60.1505
11.9878;16.3667
14.850200000000001;24.2317
12.4527;33.83
12.0203;35.485
11.8725;37.4754
12.4253;37.5841
12.1256;40.5296
12.7322;42.5276
10.9751;44.9799
10.6164;49.2774
13.1797;51.8863
11.1249;53.7608
12.2249;14.6563
12.8636;22.0902
13.9447;31.2534
13.7453;32.4066
12.2672;35.5758
11.4869;36.0834
13.0067;36.7898
12.4446;43.3464
13.3574;46.7136
10.9795;48.6561
12.3663;58.3001
14.4345;63.705799999999996
13.5957;13.925699999999999
14.3462;13.3484
12.348;20.6875
15.1544;21.9217
13.7642;29.2656
13.2131;34.9579
14.7228;36.1579
14.2964;39.504
13.6771;40.4516
13.7283;46.5817
14.2119;50.8444
14.3419;51.4065
15.5281;50.3825
13.0484;56.7327
12.4121;56.4799
12.5541;61.4461
14.6441;61.5296
12.5451;62.2158
12.7243;107.6145
14.0873;177.9409
13.825099999999999;24.3699
14.1652;29.3085
16.7079;31.5555
14.0128;36.5209
15.646;37.5016
15.3216;37.1004
14.3871;38.3407
16.5434;39.6714
16.1274;39.8993
14.7663;43.2669
15.0087;43.4833
14.495;45.3578
14.7544;51.358
16.6543;52.6973
15.3866;52.1302
15.1496;53.4923
15.4724;56.4695
15.7098;57.7676
15.5891;110.5435
15.5811;108.4513
14.9269;111.9504
15.0303;117.8045
14.9085;174.7421
14.4562;180.211
15.683;15.5885
13.9072;14.8915
16.278;16.8399
15.2744;20.6306
17.1382;23.0802
15.8303;27.4722
15.5785;31.607
17.4899;34.9115
14.8747;35.2648
16.9037;36.3447
14.3277;38.2385
16.7448;38.4001
14.1493;43.5923
16.0344;44.293
15.661;44.3554
15.5012;48.3095
16.8861;50.3233
15.3115;51.4109
17.2516;56.5451
17.3764;64.0715
16.6024;105.9386
14.2711;113.7073
14.8356;174.0012
16.0621;179.6352
17.4662;11.8158
17.302599999999998;24.7415
17.41;26.5823
18.2828;27.6064
16.7166;27.2903
17.546;30.3098
16.0139;30.0173
17.4527;35.6257
16.839;36.4391
16.694;40.5006
14.788;40.1517
16.214199999999998;41.7727
18.1463;44.1206
17.0028;42.6146
15.8256;44.6476
17.3279;47.5672
18.6832;49.3548
17.5933;54.0344
16.3696;54.5034
18.6457;55.4373
17.8307;59.5476
17.085;63.081
17.6821;109.0114
15.6943;114.6014
16.9695;173.3424
17.5031;179.3199
17.816;179.5749
18.2033;184.4393
17.7977;13.066
17.9721;20.0885
17.7392;21.6177
18.03;23.4314
18.8226;25.5674
18.2923;28.7856
18.9281;29.1036
17.7914;31.9796
19.8195;33.7264
19.067;35.149
16.9151;35.7401
20.1772;37.8971
18.6828;40.0411
17.3247;40.758
19.1239;41.6523
18.6303;44.2502
17.2368;44.5058
18.5338;49.7874
18.5767;48.1636
16.1317;52.9785
17.1129;52.5515
17.9111;55.3493
18.8296;56.2687
17.5135;58.1649
19.8861;66.3967
18.0602;102.2676
18.2696;107.1113
19.4696;110.7895
17.9201;119.4222
18.5103;175.6389
17.8591;176.9273
20.5691;10.1716
19.4305;13.5863
18.492;16.7633
18.7822;23.6122
19.9151;26.4322
18.404;26.9105
20.4459;29.0109
18.8661;32.6254
18.4034;32.0694
18.2628;33.4829
16.436700000000002;33.3654
19.8427;33.9785
20.1571;35.455
19.5893;36.6985
18.8202;36.8166
18.9037;40.1375
18.6529;44.4712
18.7995;44.709
19.362;47.0997
18.3503;45.1869
19.3107;49.3776
19.2355;51.1279
20.4663;52.8692
18.9609;54.8372
21.0763;54.0119
19.1682;56.3764
19.05;58.6852
18.5207;63.5416
19.1956;63.5897
18.1276;106.818
21.1931;113.166
17.4452;170.604
17.9759;176.8047
20.4047;16.1698
20.4344;21.7464
17.6102;21.6148
19.4323;24.5406
21.2394;24.7972
19.2994;28.0098
20.1191;28.6796
21.1644;30.0091
20.0677;30.1239
18.772100000000002;32.1025
19.8633;33.185
22.1951;34.6693
20.4233;34.145
21.4014;34.8621
17.810200000000002;42.1809
21.8918;42.7285
19.9258;53.4169
18.6697;52.5369
20.9489;54.3396
20.4252;56.4532
18.9983;59.5384
19.5176;61.9174
19.1293;67.0379
20.8079;100.2228
19.9993;102.7673
19.977;103.0715
19.8879;104.1925
22.2167;114.1957
19.2715;113.2459
20.72;116.0091
20.7331;120.6114
19.4413;171.6633
21.7598;179.9517
21.3447;13.7708
21.6168;20.8013
22.05;22.8108
22.2823;23.9427
21.6959;29.1903
21.7033;30.4809
19.6801;34.7286
22.2839;35.18
18.8077;35.0739
21.6698;39.323
20.1847;41.474
23.0313;42.8036
22.9581;44.8858
21.733;46.081
19.4951;46.6097
20.3602;47.3652
19.049;50.1274
22.5843;52.2311
19.3903;52.4172
21.5548;52.9932
22.9208;53.8598
20.7367;60.0262
20.2973;115.1516
19.8649;115.5766
22.1616;118.4645
19.0194;164.5999
20.1866;165.9083
20.3668;171.6735
21.2092;176.0173
20.6473;179.5272
20.9571;185.742
22.5208;12.6511
22.2139;12.0113
23.0803;19.3012
22.2107;26.8698
20.7603;26.6199
22.1312;27.611
22.0111;29.96
20.0707;30.461
21.6003;29.0146
19.641;33.0981
21.8604;32.9516
22.4645;36.772
22.623;39.3745
22.6477;39.5652
21.0683;43.0611
21.7987;40.8857
21.2745;44.0498
22.2925;43.4806
23.5838;46.133
22.7999;47.7615
21.9062;47.9583
22.7494;47.7033
20.3726;52.6683
21.0473;52.2906
22.3762;54.3605
21.0028;53.8598
20.8575;55.282
20.7792;58.877
22.4685;61.2175
21.1308;60.1227
22.996;67.3077
24.4396;99.1199
21.2248;100.4294
22.1525;105.5539
21.8076;106.5994
20.3367;108.495
22.1151;115.5023
22.1897;120.3075
21.9786;121.0821
22.322400000000002;121.4058
23.1366;122.7965
21.8859;169.7228
23.1489;177.4102
22.4549;186.4619
23.6447;18.4739
23.205;19.6606
20.6847;24.1791
22.862;25.584
24.7993;26.8694
22.7737;29.6648
23.5163;27.987099999999998
22.9812;30.9553
22.9986;32.8663
22.7385;35.2647
22.5659;35.6206
22.5629;39.1605
22.582;39.7144
22.0401;41.252
22.6772;40.0441
23.6463;43.8735
22.285800000000002;44.7869
23.6165;44.1124
21.611;49.3624
22.9854;48.7983
22.7034;50.1852
22.875;52.4131
23.5908;55.0332
21.4593;57.4269
22.663;59.4969
22.5979;60.6347
23.2352;62.6093
23.4103;64.9084
21.3902;106.2518
21.8809;116.3403
23.9067;117.9699
21.6046;119.4134
23.67;121.9473
24.5811;121.6452
22.5535;169.8613
22.2965;180.0418
22.6391;187.5351
24.4892;18.2454
23.1782;17.7521
22.52;19.5361
24.8622;22.0388
24.0258;24.4044
23.5357;27.9208
25.0002;30.0394
23.6078;29.8588
24.7975;30.9229
25.2786;32.8021
24.5353;31.2163
24.8541;33.75
24.8186;36.733
23.2447;38.271
22.8978;40.9116
25.6588;41.2087
24.881;41.0065
24.3177;42.2627
22.7791;43.2684
23.957;43.8841
23.1402;46.077
24.9302;47.5176
23.3671;49.1565
23.647100000000002;48.9672
24.0688;50.971000000000004
23.9567;53.8938
24.2864;56.84
24.8482;60.0486
24.0557;65.9285
25.3607;100.4864
22.8495;104.2906
23.9186;109.9477
24.7132;111.5916
23.378;116.7284
23.1005;121.2887
23.6298;123.1694
23.0764;163.9428
24.2611;169.6672
24.0355;170.9095
24.5562;184.1619
25.1656;11.6288
24.023;14.1189
23.5586;13.236
24.1893;15.9331
23.9421;27.7434
25.1701;27.9422
24.7419;27.9728
25.2663;32.4204
25.1979;32.5733
24.2741;35.3516
25.3979;36.1629
21.9989;40.4092
24.5523;41.0666
23.953;43.4365
25.4086;43.6526
24.5994;45.1178
24.0271;48.8256
25.8657;48.1465
25.0039;49.8705
24.2542;52.2573
25.0394;51.5778
26.7724;54.731
25.5701;56.3717
26.0552;55.6888
24.9645;58.5174
25.729;62.662
23.7597;66.0274
24.3848;99.3407
24.2038;112.9959
24.5817;123.077
26.0626;174.7646
25.3206;179.7163
25.4219;180.1946
26.3911;183.2927
26.7341;16.1671
26.5281;22.3253
26.4334;25.7884
26.3639;26.853
26.9255;30.0067
27.5713;30.2712
27.5935;32.3256
26.714199999999998;32.4566
25.5447;32.7479
26.2384;36.3589
25.8679;36.8033
24.6983;40.0884
24.925;37.744
23.482;39.5581
27.1456;42.287
25.181;42.1575
27.3298;45.7408
24.5001;46.2659
25.6533;46.2112
26.2162;48.8358
26.1002;49.8537
26.4837;52.8245
27.0045;61.9778
27.1073;61.3981
24.2554;64.0198
27.3001;69.1164
24.7951;100.0719
26.502299999999998;102.4931
24.3311;105.1085
26.013;113.7695
26.802;167.2137
25.7291;171.8477
25.9475;174.1867
24.7756;180.9635
25.7949;187.1426
26.1263;16.1138
27.4019;21.6545
26.5181;27.7893
29.3639;27.6611
27.4064;29.8201
25.5849;29.6374
27.11;32.915
28.6439;33.8512
26.7159;37.615
27.3925;37.3662
25.7894;40.0027
27.3068;42.3484
27.4679;43.8535
27.5542;43.9531
29.5385;45.6822
26.8353;45.4698
26.6884;46.5283
26.8116;48.32
27.1745;49.2456
27.6547;50.7881
27.3489;49.516
26.2428;49.6571
27.2168;54.5169
28.4616;54.0054
26.5507;55.9254
26.2591;58.8077
26.4758;60.3722
27.576999999999998;65.85
25.4869;109.6506
26.2026;117.1285
25.6217;118.4024
26.8339;122.7417
27.5319;170.4865
26.6081;177.4458
25.6578;188.8077
26.8799;18.7146
27.7562;18.7839
29.2851;20.7678
28.3391;21.0363
27.7121;21.6347
27.7068;24.8577
28.4878;24.098
26.4656;24.4752
29.0311;26.3076
27.7646;30.0809
28.24;33.6288
26.705;33.5604
26.9414;34.9807
26.4376;36.5044
25.5643;36.8536
27.4153;39.6858
26.8268;38.2529
28.6181;40.0808
25.8068;42.6803
30.2409;41.1175
26.4425;43.339
27.901;46.3814
26.697;46.8273
27.8706;47.5697
28.2282;47.422
27.3692;51.3946
26.9021;52.4317
27.6879;52.3287
27.1022;61.1632
27.6535;62.0718
28.3478;65.0656
28.7232;67.2183
29.516;69.8615
27.1628;100.1366
29.7298;100.9099
28.4439;105.7436
27.6903;109.9861
28.2139;116.7924
28.6417;118.2258
26.415399999999998;120.3318
27.3306;121.3039
27.6213;121.2637
29.075499999999998;166.3353
28.4949;167.9457
29.2308;167.3875
28.6523;171.3717
28.1543;172.616
28.5003;176.2809
27.5647;182.4137
25.0825;184.6754
27.3187;184.7737
27.4948;186.0849
27.4103;189.4414
27.8429;17.7749
30.7329;19.4441
29.1007;21.3323
28.0844;20.5919
31.067;29.5162
28.7474;30.2963
26.3825;33.9708
28.3489;35.0411
29.2784;36.3994
30.2308;35.4795
27.3419;36.946
31.4068;37.7384
28.7504;37.5441
27.2778;39.2301
29.4355;41.4622
30.2863;43.568
28.4244;46.4883
30.9769;47.1105
27.1695;47.4255
29.109;49.4073
28.7086;53.8006
29.2753;53.6374
30.5868;53.2535
28.9228;55.0434
29.5457;57.8373
29.774;59.9752
28.5103;64.1273
29.502299999999998;66.5432
29.7891;66.9507
28.3622;99.7168
27.8342;102.4384
29.1812;111.5906
28.763;114.6882
28.6697;116.2362
28.5995;119.4367
28.441;123.1827
29.1052;166.8383
30.6186;168.0272
28.154;184.8506
28.2741;185.9962
30.2525;187.8174
30.3788;188.2856
30.0629;21.4397
29.3411;27.6998
28.9943;29.3129
30.604;33.3491
30.9295;34.041
31.3269;36.3919
28.1565;35.6162
30.2606;36.9108
29.868;40.1208
29.36;40.3395
28.5277;41.7847
30.9019;42.5932
30.2253;43.9957
29.177;46.553
28.1162;47.6501
30.2373;47.1464
29.0003;48.148
31.3941;51.2348
28.689;56.7257
29.4693;59.7997
28.5781;61.0623
31.0235;63.4904
31.4997;66.5162
29.6902;67.1184
29.9737;103.4718
31.51;104.9393
30.3476;114.4914
30.3305;118.7625
28.9677;117.8718
30.7433;170.9534
32.3773;171.1363
29.8214;172.9892
29.1495;178.3619
28.9637;189.4884
32.1994;187.6369
30.5648;9.6835
30.6679;18.8178
30.197;21.5451
31.0847;25.7955
31.3248;26.4964
31.0498;27.7759
29.9046;29.1829
32.1998;31.5384
31.2846;30.3835
31.5556;33.7335
30.4446;33.5928
31.6981;36.0739
31.9134;36.2956
31.2008;36.9386
30.2236;37.9188
31.5937;38.080799999999996
30.9289;38.1084
30.5251;41.2688
31.6678;41.8597
33.3027;42.562
29.921;43.5113
31.3672;43.042
32.2998;46.4796
32.9878;47.4291
32.2471;51.1588
30.2882;54.5797
30.1341;61.8055
31.3179;63.3697
28.823999999999998;68.3985
32.4542;110.3033
31.0751;118.5981
32.8372;183.8388
29.7954;186.6127
32.7334;14.4307
33.3158;15.632200000000001
30.3077;17.1123
30.1406;18.5023
31.424;21.5682
33.1584;23.7381
32.3965;28.0852
32.4342;30.9956
30.6801;33.8193
31.1991;34.9754
30.3093;36.3797
32.5128;36.7224
33.4312;38.7153
31.1399;40.1951
32.5883;43.7543
32.8183;42.3198
30.391;43.6048
30.7631;46.1146
30.8364;47.5553
33.0723;45.8734
31.0682;50.022
30.0994;53.165
31.4859;58.3039
31.8516;59.5822
31.2941;68.5347
31.008;103.0857
31.9072;102.4517
32.3337;108.6021
33.7417;115.595
32.389;115.4583
31.3906;122.0467
31.946;122.2929
31.2024;164.4188
31.2568;176.1719
33.6303;179.4221
32.1066;181.4511
32.7166;20.6536
31.9965;21.0697
32.2111;23.4457
31.1966;26.7961
32.547;32.2734
32.5765;32.2336
34.2949;33.4625
33.414;34.8449
32.7421;38.9577
33.3096;36.2658
32.7831;39.2588
33.0365;41.2776
32.517;41.3318
33.9343;44.3696
33.3715;43.4061
34.6474;46.7044
31.5444;48.0985
34.1461;50.6486
33.3808;54.2908
33.881;58.1463
31.0574;58.452
33.2663;63.2689
32.8615;66.0472
33.1126;102.9213
32.5162;109.2527
34.9733;113.2248
31.3867;114.0887
32.152;120.7133
33.9571;169.4798
33.1858;175.9088
34.3488;8.8843
33.6106;11.0547
33.0217;18.2542
33.0748;16.825
34.9936;22.1591
33.7637;20.7765
33.0993;27.5896
33.2214;28.1143
32.9014;30.8714
36.8199;30.439799999999998
34.9365;31.5261
33.9237;32.9148
33.1668;36.7429
35.2716;36.6893
32.8048;38.7408
34.9602;39.7766
32.9864;39.5179
33.1856;43.4201
33.8367;43.4649
32.3713;44.9823
34.0595;45.7138
34.6559;47.6059
33.3114;49.3365
34.5793;52.512
35.5875;53.2169
33.1293;51.3402
34.6157;59.2804
34.144;61.1277
34.9413;117.0212
32.725;120.5397
33.3419;171.6631
34.2316;175.1395
33.3962;185.8354
35.1057;188.5917
36.0386;22.0266
35.4385;23.5217
35.9025;25.4782
33.2474;27.1161
35.0525;29.2967
36.1082;30.6827
35.1488;33.7447
35.211;35.971000000000004
34.0638;34.4675
34.8868;36.3626
35.4716;35.1415
34.8314;36.5003
34.6069;38.7853
36.0223;39.7627
35.1917;40.6117
35.0867;46.022
34.5873;43.8684
34.5246;44.7953
35.4411;47.0071
35.091;48.9749
35.6242;51.8263
35.6203;52.7101
35.107;53.1178
33.9157;55.2794
36.6726;56.6685
33.8092;58.4392
34.655;57.6613
36.1192;65.45
33.1354;106.6941
34.4323;108.5141
34.5374;112.4932
35.0397;175.354
33.6593;182.2434
36.8043;184.5667
36.4042;18.3812
35.2367;18.6004
35.4495;23.2775
36.8458;24.6281
35.349;25.1055
34.5802;25.7932
36.8727;28.2631
36.3309;29.2863
36.7792;29.7761
34.887;30.8755
36.097;31.0668
36.3635;32.4096
38.3457;32.8278
35.4555;36.1485
36.9265;41.3438
34.438;42.2173
34.8638;44.0654
37.451;46.4851
35.216;47.4525
35.2936;50.2661
35.4719;50.8409
35.7042;54.7629
35.2297;56.2504
36.5161;62.8041
36.6153;63.4725
36.6989;105.0793
37.3545;104.4841
34.1629;109.4899
35.4093;109.582
35.8815;118.359
36.9821;168.1429
37.9354;173.956
32.1825;176.5279
36.0728;178.6689
35.2093;180.8451
35.792;184.7908
37.9001;13.7145
35.2265;24.1883
35.5977;27.025
37.2409;27.6953
38.6538;33.2502
36.4544;33.6681
37.5581;36.425
37.9498;36.9495
37.4923;39.8063
37.013;37.4347
37.656;41.4293
37.2504;42.2483
36.7275;43.4246
37.8894;43.5691
36.6412;45.6993
37.3147;47.395
37.414;50.7772
36.7302;48.3892
38.287;49.6306
36.2046;56.6357
36.6008;63.0827
37.8442;64.0325
37.0238;62.9882
36.5929;103.5692
36.0274;111.896
36.0744;119.0909
37.0397;119.5569
36.2451;175.2097
37.3051;176.2834
38.735;11.6509
39.1408;19.9197
37.0133;22.4909
38.5128;24.273600000000002
38.6637;27.5608
37.6504;26.2739
39.0167;29.7205
39.8459;31.2403
39.5312;32.6834
39.1607;34.6882
39.619;32.9494
37.0989;37.3657
38.093;39.8857
38.3004;40.041
40.365;42.5488
37.8851;42.7943
39.4007;43.7502
38.1216;44.9248
38.5899;47.8079
37.272;48.1754
37.9263;51.6299
38.708;58.462
38.9867;65.0471
37.2233;170.3602
36.6431;175.6157
37.4324;175.4742
38.2145;177.5984
39.188;19.7262
37.2264;22.1427
38.7048;27.5244
39.9299;28.4498
39.1227;29.1131
38.6711;30.9905
37.0871;33.9795
37.9876;36.0862
39.4704;37.9743
38.8077;38.9212
38.5828;40.5355
39.8746;41.0315
38.2434;41.9527
38.7186;43.4991
38.6142;43.5434
38.4962;45.7988
38.184;47.6946
40.7209;50.6455
39.1931;52.545
39.6432;52.3607
37.868;55.1562
41.7623;56.5409
39.7297;60.5255
41.0537;61.4281
39.9823;62.9546
39.0485;108.5736
38.6149;114.5998
40.0725;173.0128
38.028;177.1555
40.5294;13.9356
39.1917;20.4636
40.108;24.9294
39.9891;30.0725
39.9369;31.8743
39.5566;33.8163
39.579;32.3767
39.1454;35.8101
40.6746;34.9201
39.7506;36.4472
40.4918;37.5258
39.2755;39.3745
39.4622;40.7546
39.078;42.2
40.4781;43.1184
38.7327;44.4934
40.8028;48.8556
42.2514;47.8162
39.2447;50.4704
41.0087;62.2555
40.6645;15.3836
41.1505;21.3241
40.7;22.8803
40.4149;24.8495
40.5872;28.5796
40.332;31.9959
39.7635;35.1737
42.1169;39.3185
43.45;41.8525
41.397;48.9685
40.4029;49.4183
41.0687;54.5543
41.6683;58.2558
41.2444;62.1252
41.9581;66.3904
42.2397;24.5866
42.6332;27.2049
39.8303;27.7694
43.144800000000004;32.6316
43.0487;32.1788
41.763;34.0909
41.4158;35.3198
42.2264;38.222
40.9162;40.0822
40.7106;44.0873
44.5875;44.9613
43.9905;46.0921
41.7931;46.5243
42.7529;47.7106
44.6587;50.0108
43.8255;51.5841
40.8388;51.3553
41.6347;52.9291
42.1747;56.931
42.7204;62.8573
42.3588;64.503
43.337;67.1516
41.443;15.2451
42.459;24.1137
42.1113;25.9815
45.1394;29.1692
42.9655;32.4656
43.2215;33.6817
42.5393;33.472
41.7723;36.1303
43.5189;40.8784
43.9245;39.571
42.6447;40.8255
42.9479;43.9082
43.3533;46.4779
42.2743;45.521
43.3117;47.7374
43.6742;50.5673
42.0927;52.0133
42.9646;62.6832
43.7121;15.4969
44.5828;17.9321
43.3018;18.3063
43.104;21.586100000000002
44.6576;28.5055
43.4846;28.979
43.2695;32.3729
43.2352;33.7459
45.3351;33.927
42.3721;38.7381
42.9826;38.6804
44.6273;41.3791
44.1684;43.4201
44.2285;42.5409
45.685;49.6107
45.1826;60.5946
44.9583;16.751
45.7512;20.9808
45.6774;21.8655
44.3067;27.3047
47.3665;28.6258
44.8439;30.9087
46.9444;35.1092
45.8044;37.792
43.9296;39.7855
46.1168;41.2495
45.8977;44.6087
45.0194;49.0499
45.0235;51.8351
43.9222;49.6408
45.305;52.1373
45.3757;53.8687
45.3455;65.49
45.4564;23.3799
46.2705;25.8453
44.7751;28.4735
44.9059;30.779
46.5085;39.9251
46.6228;44.1155
45.822;46.4035
47.429;54.5485
46.0233;55.2697
45.3234;56.4486
44.5429;56.4346
45.8817;60.3994
48.1932;62.6326
44.706;65.0581
45.9229;64.2758
46.3721;16.5214
45.7744;21.4917
46.2743;28.0083
47.0413;29.9124
45.6876;29.5026
45.7922;35.3071
46.8656;39.4031
45.0098;40.9629
47.2775;42.1875
46.7412;45.0162
47.3519;49.1059
47.1129;50.8547
47.0269;52.679
45.2726;56.9567
47.985;182.481
46.8161;22.3431
47.7948;21.2418
46.9606;24.8212
47.1426;24.3176
46.8654;28.2493
48.3481;29.6014
48.8727;31.7019
48.8962;36.9091
48.1874;38.7685
47.9477;42.3556
48.4404;43.2141
49.2959;45.8233
46.9788;48.0077
47.4673;57.8141
46.2601;56.877
48.463;171.5599
48.2005;173.7045
47.0547;178.1701
48.8995;181.9305
48.5903;21.1012
48.9519;22.2223
49.3745;24.718
49.1922;27.0412
49.3998;26.4702
51.038;29.2765
50.7738;30.5019
50.8571;33.9695
49.6682;32.15
48.8978;36.4468
48.9635;34.3579
48.788;38.3483
47.6012;39.3111
49.5158;41.7766
47.9861;42.0963
48.0453;43.8364
49.54;55.713
49.1236;176.0997
48.4225;182.2163
50.1491;181.8233
47.8173;182.6688
48.8726;20.4191
48.3759;21.7905
49.477;23.0011
51.1259;28.0355
51.7668;32.4271
50.6801;37.1958
48.1428;38.5089
49.6072;43.4669
50.3777;48.5098
50.3391;47.703
51.0065;49.7175
50.1218;49.9475
50.0547;53.9671
49.9679;60.7519
49.6238;168.6412
50.3447;172.4101
49.5893;179.133
49.0915;178.3601
49.3173;179.8713
50.8321;181.4497
49.3785;185.3445
49.7044;187.098
50.1284;20.8674
51.9103;26.9432
49.4667;27.0052
51.3745;33.7687
51.9314;41.6336
49.4651;43.3103
50.5825;44.4735
51.656;48.8823
50.7778;55.526
50.7131;55.568
50.1935;172.3789
49.2125;173.4393
51.4151;174.7825
52.3812;175.4796
52.1132;179.3462
50.2867;181.89
49.9748;181.2054
51.1481;184.1173
51.9878;21.9774
51.5941;25.042
53.3979;28.1103
51.9649;28.1779
52.1419;44.1643
52.3156;45.4439
52.7828;47.2826
51.1629;50.5383
50.8674;54.1734
51.4686;170.1576
49.093;171.2943
51.6484;176.816
52.0846;179.1727
53.7109;186.8381
54.446;24.8328
54.2044;30.3381
53.2476;33.5321
51.9986;37.8
52.8967;38.9326
50.6786;48.205799999999996
51.839;49.7274
51.9171;167.9191
52.5213;170.4894
52.3051;170.0181
53.2472;170.8993
52.3147;177.3823
52.7467;180.1063
52.0663;31.2078
54.4548;38.4022
53.7089;40.5197
53.1488;43.2036
55.1205;48.8607
54.3714;51.7859
56.1561;169.7798
56.2854;172.6848
54.0739;177.0484
53.6993;177.9129
53.2712;181.9828
53.6737;181.5881
55.5529;29.7399
55.4554;31.9513
55.493;38.5061
54.8426;38.8219
54.2735;42.1604
54.8724;45.7534
54.3606;169.7192
53.3097;175.8602
56.5481;178.5642
53.6556;181.2131
53.8237;186.7392
54.7521;190.8871
55.9146;191.8254
56.461;28.6584
55.648;39.4498
54.6285;42.131
55.7801;174.2844
58.0387;180.4595
54.9905;185.769
56.4732;184.8464
56.606;188.2265
55.2052;189.7747
57.4936;39.9503
55.0158;42.7162
56.6323;165.7534
55.9339;172.412
57.633;171.9847
56.4356;174.2068
58.9098;175.7252
59.0191;180.9403
56.7829;180.2631
56.2959;185.1395
56.0401;188.3248
57.0425;187.4882
57.3274;53.4211
58.0067;164.9817
59.0925;170.9736
57.6444;174.4494
57.1318;177.951
57.2163;179.267
60.69;180.9118
57.7298;187.1975
58.2471;167.7721
58.8509;169.8803
58.0013;173.9656
59.8174;176.2737
59.615;178.993
57.8747;180.9013
59.9445;189.0858
59.6977;169.0835
60.1994;174.4954
60.118;176.5076
59.8668;181.7161
60.3206;185.0432
59.2785;189.5733
61.2436;167.1122
62.0394;168.7774
62.3988;183.0467
60.7649;188.2235
62.592;169.1396
63.8662;170.521
62.1891;172.03
62.48;173.5992
61.5889;183.4635
61.6363;183.5209
62.9035;168.8709
62.802;168.4393
63.0981;177.7124
62.7278;179.0749
62.7857;184.6738
62.3318;186.6993
61.8652;165.0144
63.9284;172.0837
65.5578;182.7391
63.8299;185.7149
63.8178;185.5537
64.9439;189.8914
66.8217;167.2489
65.7951;171.8802
65.4688;173.4285
65.9151;173.4434
63.7995;177.6506
67.1023;183.3902
66.4275;184.2299
64.352;188.2935
64.5842;182.3684
66.8773;186.5227
65.7687;176.6876
68.5381;181.653
68.699;182.8469
69.3805;177.4475
70.115;181.9346
69.1411;186.6246
70.1713;179.738
70.1802;183.7492
70.4968;176.6612
72.4887;178.5683
70.0226;179.3233
81.689;39.4317
84.6358;38.3939
84.0848;41.7195
85.2357;41.9202
84.5751;45.6503
83.8518;32.4258
86.3247;34.2132
83.9764;43.2322
84.662;47.6957
83.2576;47.597
86.7494;49.099
86.5575;35.8822
87.7504;41.8588
86.7769;48.0682
86.9435;54.9994
85.2532;112.3544
86.1681;113.9633
86.5338;35.2166
86.8189;36.9809
86.5938;37.2502
86.3207;38.8272
85.9797;112.806
88.5616;116.9202
87.7651;118.2414
88.0895;119.9539
85.6063;124.0828
89.0514;34.3307
87.692;37.9359
87.9823;40.0936
87.9111;39.5596
87.5658;44.3494
88.1469;104.8768
88.8653;108.2187
86.4253;110.8444
87.8897;113.0612
87.272;117.0162
87.415;119.426
86.4967;123.6762
89.5405;128.8711
88.4719;48.3112
88.4529;50.9422
88.2718;52.961
89.5489;97.7641
88.7096;110.9996
87.643;116.1437
88.1609;115.0742
88.989;130.6845
88.5828;32.2294
90.8343;35.7217
90.1177;39.6477
90.5769;45.2496
89.164;46.6227
90.7847;46.6454
89.8539;50.3605
88.9594;98.0861
89.3529;98.9357
88.9852;101.9464
88.2254;108.8349
91.5439;112.1844
90.3028;112.9078
90.4936;117.4666
88.2629;120.871
89.5214;122.7944
91.6651;122.8314
88.4847;134.1739
89.4771;135.3349
92.5732;31.9318
91.1461;32.1537
90.2001;35.8878
92.8856;44.9126
90.7821;48.3397
89.2088;55.7686
91.5267;88.6048
91.2671;94.1628
89.4171;100.0822
91.7488;106.3126
91.4355;106.3913
90.4943;106.0418
90.3343;112.4053
90.3035;116.8678
91.123;116.4105
91.3718;120.0372
89.3244;120.5552
89.7771;129.9772
87.9544;131.787
91.7769;134.9033
93.3548;136.453
91.8177;34.1384
91.3537;44.1315
91.9431;42.7767
90.9858;86.4365
91.2379;89.2492
90.7062;92.6958
91.6932;93.3677
93.3741;96.3518
91.5452;100.3241
92.646;99.6621
89.9961;112.7046
91.7595;117.5331
92.2448;125.6803
92.2454;140.6421
92.3156;44.5904
94.2951;49.5419
94.3784;78.6979
91.8514;91.7935
93.0955;95.5903
93.7164;116.9564
93.4192;122.2371
92.4007;128.6636
90.8304;130.9172
93.4141;139.4377
94.779;142.4275
93.2631;144.3369
92.0109;29.7315
93.6044;32.9964
95.9422;35.2264
94.3026;42.9041
94.5477;46.6484
91.5251;51.5516
94.0374;52.1168
94.2918;81.7395
93.9923;82.0005
95.1551;92.2951
94.7043;92.334
95.3598;94.9302
94.6544;96.7449
94.5893;97.2162
95.2568;101.6924
93.1699;101.1925
93.0583;108.446
93.4651;113.6506
94.4516;119.3774
94.4748;120.6079
94.358;126.7306
94.4574;138.527
95.0743;147.3923
94.8106;34.3782
93.3219;36.3722
94.6258;37.7087
95.0861;39.4754
95.0271;42.3729
94.3845;55.4515
92.9153;77.163
94.8621;81.7277
94.626;83.41159999999999
95.232;92.7214
94.0004;92.2796
94.1601;98.287
94.579;106.6357
92.9339;106.7383
94.4314;112.7493
95.1602;123.6791
96.8497;123.093
94.2251;125.2554
95.3645;128.0409
94.0912;130.8877
95.5013;132.9986
95.961;133.8292
96.3894;139.4442
94.8227;142.7462
95.542;147.3209
95.1545;146.0073
95.5692;29.8904
95.3498;32.3757
97.6706;39.4046
96.2754;51.4954
95.3758;78.0831
94.9186;86.7795
96.9635;86.4181
96.8743;90.3607
95.4316;91.7062
96.6103;93.038
97.4773;93.1749
97.0849;94.0904
95.072;95.8072
95.6626;95.3471
95.1022;104.2098
95.5107;104.7241
96.1706;107.4566
97.0217;111.9971
94.89789999999999;113.4108
96.1538;121.0572
95.9442;123.9905
96.898;131.2052
97.13;136.6909
94.96;137.8572
96.6232;144.7199
97.2459;36.5148
97.8201;37.4663
98.385;41.9326
96.758;44.233
97.3815;47.9834
97.2274;80.4843
97.7875;85.2726
96.1551;85.593
98.6951;87.5845
96.6133;92.5377
96.5054;93.7177
96.78;93.9041
97.2086;96.1051
99.4564;107.3487
98.6314;112.3695
96.682;113.9632
96.9435;118.2812
97.1431;125.5109
96.127;129.9932
95.8373;127.6311
96.8287;130.3413
97.6418;134.6927
95.9544;135.7351
96.9428;138.6465
98.8144;145.378
96.0333;147.3933
98.491;34.3294
98.191;38.7914
98.3319;40.3732
97.8007;79.1831
95.5374;83.4497
98.2628;86.4028
98.1785;91.5996
95.6187;96.6096
97.2592;97.5134
99.2105;95.0209
97.3061;100.3525
98.095;103.4907
98.2552;107.1641
99.9036;112.1851
98.662;112.0018
98.0336;115.575
98.0371;119.1618
98.8452;119.4734
100.185;123.3068
97.4329;127.2761
96.2761;133.3017
97.9;144.132
96.5794;144.1219
98.8264;31.5627
100.069;37.4935
98.7299;40.2497
99.7379;42.8224
98.028;44.9491
99.8346;46.9175
99.1113;53.0688
100.6031;54.9211
100.6573;79.0055
99.2077;84.1312
99.4536;94.652
99.4411;94.5508
97.9034;97.5689
99.4874;97.1301
99.423;101.2842
99.1686;103.4887
100.6237;103.0524
98.933;105.0173
98.8456;107.2494
98.7292;119.6811
97.8761;121.1277
100.1897;127.392
96.1202;132.2569
98.929;137.3065
98.6212;144.7969
99.7767;147.5294
100.9606;32.996
99.4148;35.1147
101.1919;40.1133
101.4414;41.0127
100.2728;43.6867
100.2008;44.1783
99.0864;53.5049
100.1103;80.3523
100.2167;87.9487
100.892;91.0881
99.4802;90.4895
99.4464;94.7906
100.1435;94.3042
100.2643;96.1746
98.3512;100.7348
100.3137;102.6727
98.5752;106.0262
99.2413;110.7545
100.5306;111.5113
99.4562;126.507
100.8251;130.5325
101.7369;137.7591
99.6469;34.4221
101.2427;36.9531
100.0811;40.6245
101.4586;45.1362
102.0096;48.1453
103.3711;73.1288
102.6933;81.1763
101.7473;89.3045
100.2887;90.9103
101.4173;95.6306
101.0274;96.0336
100.6396;101.3746
101.1573;107.4076
100.8149;110.8068
101.1795;123.0296
99.9802;127.8692
100.7454;129.1167
101.9982;131.1156
99.0981;135.6011
100.2542;135.4816
102.3369;144.8892
101.4645;146.5885
102.4714;34.639
104.3377;38.415
103.0018;46.1042
101.3779;49.9829
101.9821;73.8696
102.0539;78.9953
101.8475;87.1537
101.8978;85.7328
102.8782;88.3467
103.0472;89.5632
102.6368;94.9907
103.468;96.9913
101.5677;98.8725
100.7575;101.1562
103.2123;99.6807
101.4282;101.3276
101.0296;104.9328
101.7589;106.2166
101.9723;107.3643
105.1424;127.383
102.5454;126.686
100.2494;127.6954
103.3282;129.9463
102.5539;138.6553
104.2558;33.6618
103.4889;39.3765
102.5927;42.8864
102.0773;43.5387
102.6149;75.9727
102.6542;86.7025
102.4302;87.5588
103.3515;90.0057
104.5769;93.5846
102.6722;100.2773
104.0301;105.2183
103.8128;109.8473
104.4642;125.9445
103.7591;124.6125
102.9544;128.9436
103.5207;131.6556
102.8567;136.1278
102.1334;136.0582
103.9547;139.5923
102.3774;146.2767
102.435;146.7497
103.8412;88.6756
106.135;90.5093
105.5102;94.2598
103.6182;96.6383
105.1176;98.5188
103.2548;101.0667
104.0244;101.6
105.2208;105.5212
103.1072;106.5354
104.7263;107.0001
103.5137;112.2512
103.1538;113.5875
104.3485;115.8155
104.1977;118.9676
102.5924;128.9258
105.1728;134.3767
102.2819;140.3229
104.1967;141.6321
106.3901;37.5745
104.7374;43.1642
105.0781;45.5093
105.5819;47.6911
104.5004;83.8517
103.9456;93.7642
104.9514;96.63
104.5559;95.0102
103.0088;101.6174
106.039;103.4805
103.1559;107.3888
103.3802;110.9103
105.2059;119.53659999999999
104.475;121.045
104.84;123.8
104.5455;126.8649
104.27;127.688
104.0165;143.4564
106.5424;36.9117
105.4462;37.0205
105.4576;41.8474
105.9748;45.6624
106.3156;79.1545
105.8158;80.34909999999999
107.0932;86.1892
103.4323;92.9632
105.6551;104.5122
105.22409999999999;105.7416
105.4101;114.4449
105.1662;118.0169
103.6645;126.3359
107.811;131.2427
105.7845;135.8045
106.4211;143.2638
106.0717;145.8004
105.9956;47.7993
108.569;93.7505
106.4808;95.2306
105.2439;95.2095
105.7706;97.4103
106.8964;113.1173
105.4969;115.8382
105.8529;126.2529
107.8681;134.8653
107.7691;92.4408
108.6519;93.2581
105.9922;94.5516
106.5038;97.7457
106.6427;100.6499
107.8649;100.7884
108.4869;105.8028
107.9968;104.1333
110.0975;110.9417
105.5243;115.1975
109.3987;120.853
107.7697;121.1263
107.6945;125.054
107.8009;128.763
108.9014;94.8736
109.8089;95.7016
110.4083;97.4606
109.5331;101.2092
109.6865;104.5023
110.2102;105.8258
109.088;123.7897
109.7668;96.3826
108.8887;99.9941
109.8157;98.8099
111.2435;104.2446
109.2974;108.3436
110.3542;120.1645
109.8989;120.6157
147.5035;110.636
149.8018;107.3965
149.4963;110.3781
149.0569;110.6677
151.0434;112.9063
148.7685;114.9709
149.5108;114.5484
150.7502;38.3556
150.428;42.0125
150.5384;41.2005
151.461;108.5131
149.3996;112.6516
152.1291;114.9416
148.2006;116.3601
152.4682;118.7558
154.4191;39.8461
152.0516;41.2881
151.3185;43.4684
153.5447;43.5123
153.613;44.3596
150.5255;44.0441
152.9823;47.4533
150.7917;51.7484
152.4767;105.5313
153.1258;105.5836
153.1125;110.5364
152.2011;113.9568
153.2355;114.8065
151.9382;118.895
153.5196;36.8479
152.7861;39.3881
152.3467;39.0618
152.8113;40.0095
154.6163;42.4571
152.4624;43.5907
153.2738;46.4089
153.4903;45.3004
151.5259;48.3427
152.5368;107.0621
152.4047;114.4249
152.6536;117.1105
152.6029;121.3653
154.6618;35.3386
154.4769;36.839
153.7182;37.9923
152.8883;39.9018
154.9001;40.474
154.5637;40.7528
152.4238;43.4598
155.3691;44.0136
155.3469;45.8909
155.2981;46.2338
154.5453;47.6235
152.3616;47.9135
153.3397;50.6336
154.715;50.558
153.0286;53.1146
153.8392;103.7919
154.8126;109.2809
153.3658;108.7013
153.3081;111.037
153.9613;113.8219
153.6076;120.6928
156.3845;36.445
154.3316;38.5567
154.4273;36.6216
154.4197;40.6465
154.9357;40.8243
154.5496;41.5963
154.9993;42.1272
156.7084;42.809
155.1813;46.957300000000004
156.7755;46.5688
155.6277;46.6451
154.5649;47.6178
154.8211;48.8122
155.7204;52.2789
155.3677;53.0291
153.7976;50.6043
154.8933;100.8113
155.4984;101.6978
155.7629;105.8685
155.3549;120.4994
155.0966;35.0867
157.0127;35.7371
156.2774;34.6279
157.3449;35.893
156.1448;37.9909
156.4886;39.4273
156.5521;40.4883
157.3649;41.1356
153.7534;43.7712
155.5317;42.1609
157.4574;41.5956
154.98930000000001;45.617
157.0824;46.1014
154.4414;46.9517
156.5123;49.0713
156.9246;48.0817
157.3781;49.7973
154.6033;48.978
156.5682;52.4035
155.2453;52.554
156.31;101.4253
156.4691;105.3733
156.773;109.7316
154.9778;111.9145
158.1088;113.3216
156.996;112.7699
154.017;122.5139
158.0141;33.7833
157.4697;36.7001
157.3726;36.9805
158.6405;38.7357
157.7903;38.2235
155.6549;40.1693
157.4016;38.4445
157.3115;42.1593
157.3122;42.1304
156.8649;41.3665
155.8721;43.5949
157.6154;44.4032
157.5841;43.5106
157.1641;48.2843
157.5734;48.2165
157.7403;48.9391
158.7031;51.0123
157.9084;51.542699999999996
157.5044;54.1022
156.5151;106.7398
157.2502;110.8832
158.1094;35.4068
157.4682;34.7984
157.7416;36.2421
157.5883;36.9248
155.2498;38.8814
156.682;38.7465
158.5079;39.9083
157.2177;41.1999
159.5894;40.982
158.1294;41.9457
158.1862;45.5799
156.4344;45.1988
158.334;43.4587
159.1732;48.5786
159.8167;49.5928
159.7199;47.063
159.6558;50.8022
157.6246;49.2747
158.388;52.0194
157.4173;53.5258
157.968;102.8465
157.6837;104.21
157.4219;111.1244
159.5693;115.7962
158.2201;115.5516
157.9885;116.0274
159.0562;121.7388
160.4621;31.8243
158.9394;34.6797
158.1506;34.7031
159.2248;38.4967
160.7974;38.597
160.6692;38.8841
158.4002;39.6858
158.7848;39.7102
158.5915;40.326
158.5951;41.4206
159.5039;43.2891
158.755;44.6684
158.8356;46.4631
159.7778;46.5423
160.5743;48.9869
158.1591;47.611
160.1268;49.0222
158.6417;53.4173
157.0162;51.9643
161.4989;53.1425
159.4019;54.5669
157.7819;97.7737
159.2642;112.8613
158.9433;115.3918
157.6532;115.0821
159.7003;116.2587
159.6184;120.6959
159.1241;122.3346
159.5956;33.6101
160.7557;32.9141
160.5386;33.134
160.1118;36.854
159.6218;36.7692
158.1183;38.8829
161.2513;39.8419
159.8462;39.9562
160.7642;40.7571
160.8913;42.7801
156.7716;45.0523
161.0704;42.0652
161.1005;46.4529
159.0517;45.7988
160.9041;45.8824
159.4221;48.3297
158.4804;50.6983
159.6601;49.8038
160.7721;50.1556
159.0096;51.6944
158.0825;53.4255
160.6982;55.553399999999996
161.2522;100.0456
161.3472;102.0067
157.8943;103.7547
160.7596;103.921
158.8832;107.6416
160.6497;110.4022
160.0665;109.273
161.1512;111.6325
158.9396;112.9224
160.172;116.0032
159.5585;116.722
160.4237;124.2327
162.3546;34.5246
161.4214;34.5618
162.1639;34.2234
161.0033;36.4734
162.0106;36.218
159.2012;40.823
160.8264;38.4117
161.458;40.8729
161.1038;40.8461
161.7492;41.0916
160.2249;43.4176
161.7359;42.8955
160.8607;44.3914
160.777;43.1893
160.3808;45.6181
160.2521;48.6121
161.8719;50.0404
161.418;48.7679
161.2074;48.4186
161.7968;52.6682
160.1413;52.1998
161.4572;53.0588
159.9606;54.5216
159.3568;110.1786
159.7034;116.7981
161.8879;115.8728
160.5313;29.8426
160.411;33.1235
162.6061;33.1817
160.6728;34.6463
162.4822;36.4291
160.92;36.5647
160.8275;38.1273
160.5937;39.6229
164.1281;40.1659
162.5258;43.1601
162.2817;43.1714
162.8388;42.1322
163.278;43.9139
161.9409;46.5402
162.3156;44.2121
161.5094;46.532
162.5787;48.138
161.3586;47.0911
161.9267;49.7026
160.9869;51.5199
161.9055;52.0138
159.315;53.3459
163.0057;53.0618
162.9663;53.8397
160.3985;98.4991
161.8783;98.1696
162.459;102.3429
161.1635;109.9267
161.8941;116.7676
163.7301;116.5816
160.6708;120.1029
162.163;124.7702
163.3116;31.8587
163.5606;32.9777
162.8287;33.3328
162.9179;33.8891
162.8086;34.0914
162.395;35.9417
161.9152;37.6518
162.4247;39.5177
164.5194;39.1173
162.1231;40.6934
165.4933;40.882
163.9556;42.6746
163.3445;43.397
163.73;43.5265
163.5154;43.284
163.5684;45.0706
163.5253;44.696600000000004
162.3707;46.5928
164.7123;49.0536
163.5594;50.9584
164.0608;49.122
161.3782;53.6414
160.5019;53.0524
164.8108;52.9998
164.1647;55.1498
162.946;54.5616
161.3962;98.3644
161.3007;102.4886
162.6495;102.5536
163.5862;103.7735
163.5334;110.9814
162.7083;119.4731
163.7556;30.1037
164.1485;32.2701
164.4164;33.5104
164.2392;35.3329
164.8529;35.2397
163.983;35.6113
165.1848;37.9185
163.0007;36.7996
162.2595;38.8185
162.912;42.2804
165.2367;39.2767
164.5631;42.9014
164.6116;43.0753
165.3789;43.3655
164.7754;44.2681
160.8879;45.4499
164.3948;48.775
164.2459;48.5496
165.2752;47.0158
164.0486;51.2464
163.7734;49.7215
163.6661;53.1609
163.4221;52.8453
162.7076;52.5861
164.4987;51.6166
163.0034;108.9351
164.2701;110.1018
165.2774;117.2462
165.1535;34.7507
166.8142;34.4563
164.7157;34.4515
166.2648;36.263
166.5724;37.1242
164.6521;36.9258
165.9649;39.6676
165.531;40.0379
165.8251;40.9853
164.1391;42.6151
164.3479;41.9485
164.9936;42.8601
163.5573;45.3896
163.2912;45.6533
163.9122;47.6585
165.0296;47.0641
163.7509;49.1531
164.4442;49.2469
165.3301;51.0979
164.1474;53.2257
164.2021;53.1485
164.6544;53.6376
164.5027;55.0407
163.4725;55.7536
164.4969;98.3303
167.3553;108.1452
164.6983;117.2554
165.525;118.4681
164.4673;121.5404
167.3843;30.2637
165.3946;31.5984
167.2389;32.8805
166.0776;37.048
165.9125;34.7156
166.6087;36.1989
166.4284;37.72
166.7193;36.8817
166.8095;39.3687
165.8755;39.0798
165.7674;41.8409
168.507;43.061
168.2578;43.693
166.4303;42.7995
166.6794;45.4807
167.8681;45.1669
166.4592;47.6071
165.4051;47.4154
164.9157;49.5583
167.3641;49.9171
166.108;51.2705
166.9575;51.9797
166.2261;53.2418
165.4222;52.8668
165.5293;54.6177
166.2063;55.595
166.4027;106.9369
165.9113;107.7154
166.2537;111.1293
167.3047;114.4826
166.6073;115.1976
166.4506;121.6756
167.151;28.1794
167.8301;29.8467
166.9668;31.1094
166.912;31.8467
168.0064;35.674
166.9354;34.5482
167.6873;37.8688
166.8256;38.8287
166.3517;38.6297
167.0806;41.3184
165.3777;42.5683
167.5028;39.2378
167.3379;43.5927
168.069;43.8708
166.954;44.7742
165.8168;45.5429
167.6152;47.3793
166.3809;48.524
167.0435;48.1598
169.7821;49.2804
166.6412;50.5458
167.6256;52.4682
166.985;52.893
166.6351;52.818
167.1812;54.0283
167.9645;55.8044
167.5;114.0541
167.4793;120.1256
166.742;122.1457
167.8977;120.2871
169.5795;31.7087
167.1258;30.7929
168.6616;33.8624
166.9323;34.1514
168.8924;34.5891
166.0141;37.582300000000004
167.3784;36.2518
167.5302;38.611
168.1228;37.9967
168.8117;40.9215
168.3993;42.8895
169.0089;43.6465
169.0545;42.2745
165.583;43.841
166.8978;45.2647
166.2085;46.1744
168.9312;47.493
169.4727;46.6086
168.1652;50.143299999999996
168.8522;49.6495
167.1008;50.813
168.5357;52.7518
166.4335;51.3651
168.5172;54.1052
167.5314;54.3141
169.2329;102.5359
167.3791;103.0649
167.8123;114.7746
167.2833;118.4906
168.3367;28.0111
168.3023;29.459
170.5965;32.1785
168.8768;32.6881
170.3605;33.2262
169.3749;33.9131
170.4787;37.0261
167.8178;37.7505
166.8976;38.476
167.7247;39.8572
169.0223;40.5496
166.5352;40.446
170.9057;43.5528
167.082;44.0468
169.3121;42.8239
170.3949;46.0738
168.4534;46.7568
169.822;45.9176
168.0098;49.188
167.7114;49.6597
169.4236;50.8667
170.2181;49.9765
168.9102;51.61
167.7466;52.3083
169.2913;55.8051
168.2494;56.4241
168.8775;102.7912
167.5688;111.603
167.456;114.9262
171.1646;30.0195
170.4668;30.432
169.2533;31.2841
168.2058;33.1677
171.6697;33.8459
168.899;34.6035
169.0916;36.8381
169.5376;37.4457
169.8127;37.9736
168.9336;40.9707
171.3414;39.9324
168.8125;41.6867
170.3137;41.9294
170.8507;42.6446
172.8545;44.1188
169.8989;45.1912
171.0595;44.442
171.1796;46.9341
169.7752;48.914
169.7723;47.9174
169.4471;50.9136
169.0075;50.8658
166.9441;51.9279
168.8677;52.5011
170.8156;55.9036
168.6794;55.7425
170.3544;56.4801
169.8756;103.5945
170.4559;106.6567
169.8948;116.4977
171.6358;120.2119
170.4333;31.2011
170.8597;32.8355
172.2962;33.2206
170.9288;33.6398
170.8273;36.3882
168.7435;36.5955
171.2188;36.9344
171.1773;37.6782
171.921;38.0177
171.1298;41.0502
171.9177;43.841
170.0542;44.2119
171.1682;44.8331
172.2654;44.3527
171.2128;46.3104
170.4585;46.4231
170.895;45.8062
170.1047;47.5037
170.4158;51.1791
170.604;54.7668
171.2385;52.8903
171.0673;53.3393
170.5329;53.0012
171.3892;108.1358
169.1155;114.501
169.8809;117.8169
171.7623;119.2041
173.2463;119.6119
173.8246;32.7968
172.9912;31.5898
171.9642;34.5289
172.8821;35.361
171.9003;36.942
171.8493;39.0871
170.1681;40.957300000000004
170.689;38.64
173.352;41.7756
172.5743;41.1988
172.2581;41.8126
169.549;42.6629
171.0996;45.5415
170.4977;44.9222
174.6521;45.8931
171.4287;48.3788
171.5893;49.1707
172.6982;49.9646
173.7098;49.9797
170.9153;51.3895
172.2064;52.7765
170.9496;54.8753
172.5327;105.8445
171.2505;106.8135
172.0579;32.7459
172.863;34.9228
172.6509;35.454
170.9363;33.8098
172.7237;35.4522
174.4967;37.0565
173.3922;34.9356
172.4894;38.9352
174.4512;42.4042
173.0346;41.818
173.9349;41.8518
172.7813;42.7502
173.0096;43.1363
173.1137;45.7236
173.2434;46.006
173.4756;45.6395
170.7587;49.0618
173.0214;49.0386
172.3006;50.1181
171.5842;51.1269
172.8307;52.3731
171.6585;51.0557
171.3465;106.1761
171.8458;115.0004
173.6621;31.3413
174.2428;36.4779
174.0588;36.9689
175.6199;36.4052
173.5886;40.0626
172.544;39.819
174.8859;41.8642
173.8977;41.5634
173.3251;44.5404
174.7473;44.3182
173.8742;45.3287
173.1846;46.1214
173.3897;47.5024
173.987;48.8938
176.4571;49.0868
173.8775;50.1373
175.441;51.6376
172.7948;110.5313
174.7037;35.9703
175.0653;35.823
173.9445;38.3117
174.4518;40.4957
175.6375;40.8617
175.5908;41.6491
175.1691;41.3784
175.2252;41.9067
175.4551;42.1695
174.6322;44.2606
175.5141;47.8962
175.3268;46.5406
176.9552;46.4955
175.9849;48.8744
176.2174;51.1645
174.2473;38.004
175.2938;37.9573
175.1205;37.866
176.6374;39.6939
175.7469;40.9576
177.8921;43.8009
176.522;47.9266
176.1085;45.9846
175.932;47.8119
176.4561;48.053
175.3242;47.2443
260.2736;245.7965
260.7775;240.7004
262.0071;242.715
260.6899;244.5859
261.604;249.7864
261.1402;251.9797
263.1097;244.3718
262.13;248.8893
261.7166;248.2487
263.4559;251.1762
262.9263;253.2223
265.2664;237.6982
263.5585;244.0697
265.0631;256.0112
264.6528;235.5014
264.6728;239.3534
266.7681;243.6406
265.9328;237.4427
264.0182;252.2193
265.605;253.495
266.4202;254.759
267.4916;254.7161
267.1228;257.056
267.3528;238.4373
268.2306;242.0651
267.3544;245.7449
269.2231;246.253
267.6748;250.3469
268.8097;252.0528
267.2115;256.3996
269.3214;234.1234
269.154;234.0727
269.589;239.9988
270.6163;243.7937
269.6516;251.1691
267.5472;252.9914
267.9153;256.9808
270.6422;242.565
270.3873;250.5473
270.696;237.4949
270.8827;243.5824
271.5275;252.7659
271.9892;257.9237
272.7141;232.2013
271.5739;236.3109
271.8924;249.9294
271.5439;236.9873
273.8061;242.833
273.1636;253.1802
272.6346;256.2521
274.4214;258.8972
273.318;243.7864
273.726;248.7872
275.4928;234.3326
276.165;238.6331
274.2359;241.9868
275.3047;249.0221
276.7729;252.0654
273.7154;251.991
273.8642;251.9853
276.2636;258.7669
275.8897;240.2898
277.0891;244.4629
274.6764;248.9799
277.8594;234.5838
276.9984;236.3758
278.3895;237.8822
278.7687;240.0579
276.6964;254.932
278.5155;242.2124
278.4761;242.8456
278.4273;248.3446
277.1068;254.6432
277.3801;243.0231
278.1065;251.6269
278.129;254.9007
278.4982;235.5861
281.5899;239.1604
278.9262;239.9508
280.0625;241.6608
280.2989;250.4466
279.194;256.4785
281.8099;237.1122
282.0064;241.1419
281.7835;252.5753
281.9657;253.9494
282.4835;237.5796
285.0254;238.7483
281.1618;242.8599
282.6437;245.3431
282.713;249.475
282.5415;251.999
281.6428;243.3941
282.5081;247.4054
282.6691;253.5909
283.1079;242.1199
284.271;243.5498
284.6303;246.09
284.5035;249.4826
284.4433;248.4262
